N,P,K,ph,rainfall,temperature,crop
102,61,191,7.33,234.17,13.0,lentil
92,62,120,3.8,26.2,34.9,banana
14,25,142,9.06,160.48,9.72,grapes
106,86,134,9.27,96.91,42.15,maize
71,73,198,4.64,201.62,33.6,watermelon
20,135,64,7.56,222.04,8.24,mothbeans
102,91,21,4.05,261.6,35.5,blackgram
121,53,100,7.88,153.12,26.51,papaya
74,119,148,5.58,298.45,36.06,apple
87,93,20,7.59,294.4,26.81,jute
116,89,50,5.74,267.01,31.08,mango
99,132,171,4.37,180.96,36.31,banana
103,144,163,5.94,131.44,22.58,mothbeans
130,121,111,4.18,122.03,8.1,chickpea
52,131,92,6.96,23.39,38.6,watermelon
1,75,133,3.75,89.77,21.71,maize
87,90,143,6.66,221.27,25.86,banana
37,37,123,8.82,189.02,8.28,coffee
129,85,89,8.53,276.6,25.72,chickpea
20,65,8,8.8,34.01,43.51,papaya
57,65,75,9.03,63.48,18.02,rice
21,102,158,4.13,240.99,22.24,rice
88,32,115,4.27,120.38,32.74,mango
48,47,54,6.84,53.14,37.33,muskmelon
58,90,144,8.86,299.01,23.03,pigeonpeas
14,21,99,9.35,240.43,19.15,mothbeans
50,102,96,3.78,134.45,41.76,apple
107,102,69,5.63,250.54,32.38,mango
54,69,51,4.78,210.57,12.28,mango
63,78,185,8.04,241.19,10.48,chickpea
130,89,110,7.34,248.26,25.41,maize
50,9,203,4.22,43.72,15.92,mungbean
134,6,134,6.4,194.43,17.14,maize
20,26,110,7.61,21.9,39.6,jute
72,116,28,8.17,32.17,11.22,mungbean
17,61,8,3.62,273.11,33.75,banana
131,70,112,8.84,167.72,17.76,banana
88,78,23,6.92,226.05,35.37,watermelon
59,102,158,8.37,254.78,34.01,chickpea
13,116,44,8.35,285.88,8.27,watermelon
8,129,54,4.64,263.42,26.33,banana
89,90,175,4.16,155.33,13.02,kidneybeans
52,80,79,7.83,114.07,39.18,orange
129,92,199,4.44,63.26,39.38,apple
83,42,16,8.6,132.09,23.06,chickpea
91,63,199,7.86,122.62,24.0,pomegranate
110,142,31,8.55,176.68,18.92,jute
7,103,117,5.29,206.34,33.8,muskmelon
34,67,186,5.4,293.93,20.91,blackgram
80,53,198,7.53,223.95,17.64,papaya
49,36,53,3.69,200.25,23.56,chickpea
103,139,148,7.86,113.83,11.29,mungbean
131,25,134,8.51,29.66,34.88,pomegranate
1,24,64,5.99,100.68,8.45,cotton
133,131,186,8.09,235.17,31.2,lentil
53,72,34,4.55,77.48,14.58,watermelon
105,114,88,5.43,219.41,16.37,watermelon
3,120,170,9.35,182.34,30.88,banana
53,124,32,9.42,68.12,43.75,rice
43,83,29,6.58,93.25,36.0,kidneybeans
13,120,100,9.11,158.97,16.13,mothbeans
94,96,129,6.64,137.14,14.34,coffee
47,18,14,5.25,238.0,39.18,coffee
14,129,192,5.1,225.63,23.99,pigeonpeas
39,62,46,9.08,180.88,12.93,chickpea
81,32,44,4.53,250.24,39.04,maize
110,30,81,6.98,177.55,37.38,chickpea
52,117,109,6.83,290.03,43.42,lentil
23,70,122,7.94,80.82,40.75,coconut
123,135,46,6.5,219.96,38.66,coconut
40,48,51,5.13,123.58,9.89,orange
14,101,169,4.52,98.11,11.76,papaya
44,46,26,7.22,70.51,28.48,banana
64,10,189,7.81,174.7,27.13,mango
88,27,111,6.92,80.33,24.49,chickpea
70,93,31,7.93,76.1,22.28,papaya
8,127,45,4.35,297.35,23.52,mothbeans
87,55,84,8.79,244.49,28.49,mungbean
128,15,166,6.99,229.52,8.07,rice
135,16,164,4.26,242.34,17.39,mothbeans
62,78,93,6.27,291.3,26.66,papaya
138,12,70,8.57,180.52,34.0,grapes
80,45,16,8.89,81.67,14.27,coffee
135,89,172,5.09,261.42,27.69,coconut
32,76,77,7.77,227.96,33.72,mungbean
122,59,80,4.1,136.01,24.01,coconut
4,141,94,3.7,152.6,8.97,lentil
40,51,205,6.86,135.15,24.17,chickpea
27,108,14,7.67,280.38,18.67,mango
134,46,100,8.27,116.19,41.47,cotton
71,64,180,5.54,289.78,12.49,papaya
11,16,24,3.54,274.88,31.49,blackgram
32,134,43,6.38,196.55,9.9,lentil
47,11,64,3.6,182.35,24.06,grapes
61,84,70,4.05,123.62,27.94,blackgram
36,135,69,5.46,25.13,18.73,coffee
98,113,183,6.12,55.73,24.38,pomegranate
103,7,128,5.18,231.18,13.89,orange
34,31,168,6.99,152.03,18.95,mungbean
100,118,156,3.83,61.95,30.36,orange
130,111,159,4.37,93.91,18.86,papaya
0,44,134,7.67,285.39,40.39,maize
4,133,163,4.35,122.8,30.62,chickpea
102,12,61,7.34,274.15,23.79,coconut
26,105,82,3.83,105.3,9.4,rice
136,128,198,5.94,172.1,25.98,jute
14,111,33,4.56,25.73,35.53,jute
89,105,19,4.16,166.13,17.56,pomegranate
41,8,16,6.9,198.34,37.04,jute
123,114,105,9.07,85.61,17.07,watermelon
62,23,160,3.83,182.1,37.65,grapes
95,36,88,6.03,201.21,11.07,lentil
51,141,129,7.75,212.33,39.18,mothbeans
95,16,107,6.28,237.39,25.97,mothbeans
131,143,28,8.34,107.17,18.68,coconut
28,50,153,4.58,178.98,17.54,jute
35,123,142,9.26,294.84,23.55,pomegranate
12,20,114,5.81,271.48,43.97,chickpea
70,133,82,5.55,286.75,15.93,papaya
85,67,105,8.75,128.12,11.72,jute
27,113,150,6.88,240.34,29.06,coconut
65,123,146,6.6,193.57,25.59,pigeonpeas
44,25,166,7.86,43.17,26.87,banana
61,17,132,6.98,250.71,32.01,pomegranate
133,8,62,4.48,209.59,17.62,orange
27,106,80,7.55,75.7,40.78,kidneybeans
27,63,154,4.3,42.33,23.68,jute
107,132,202,8.34,254.37,12.65,papaya
43,31,40,9.44,42.09,34.72,papaya
83,73,177,5.76,45.58,31.15,rice
29,29,168,6.17,139.67,19.37,watermelon
74,135,26,3.78,57.74,30.37,blackgram
127,101,131,3.58,275.83,15.92,maize
91,29,84,9.03,151.68,24.01,coconut
128,130,193,4.27,179.36,40.38,muskmelon
120,137,104,6.17,279.87,12.81,maize
26,13,188,8.39,168.47,21.92,kidneybeans
120,120,100,8.84,119.01,37.56,rice
115,138,165,6.62,243.2,42.9,coconut
2,64,177,6.89,144.0,24.34,jute
102,125,168,7.52,109.17,26.25,pomegranate
136,143,152,9.27,222.5,28.6,rice
61,112,22,7.12,244.45,41.56,cotton
50,112,42,6.86,241.68,38.9,coffee
58,135,199,3.59,293.75,14.14,muskmelon
117,80,155,3.99,240.27,23.72,kidneybeans
95,34,113,6.96,235.58,24.7,mungbean
112,25,127,9.12,260.1,36.41,mungbean
61,38,148,8.7,20.05,29.7,coffee
51,45,191,9.4,121.48,31.55,papaya
11,55,201,6.67,226.53,43.94,grapes
38,86,200,8.23,187.92,10.7,pomegranate
129,62,153,8.54,69.72,16.03,blackgram
130,79,108,7.39,105.05,22.68,pomegranate
112,27,202,5.53,114.3,20.52,watermelon
100,132,144,6.32,178.99,8.78,watermelon
112,21,148,8.65,252.85,11.3,cotton
80,73,85,5.29,281.1,32.51,coffee
112,112,91,9.04,230.03,39.66,banana
1,143,146,4.88,256.03,26.51,mothbeans
129,98,65,8.0,151.63,27.41,jute
53,19,203,7.28,129.14,17.18,rice
86,95,50,8.0,129.96,35.64,coconut
128,37,36,6.12,192.49,35.06,mungbean
125,129,19,9.1,54.79,29.18,papaya
129,20,48,7.29,182.26,15.66,chickpea
52,70,149,5.23,206.24,11.49,cotton
67,51,173,7.33,142.89,10.31,banana
122,128,58,5.22,286.89,29.34,pigeonpeas
37,5,48,5.26,190.3,37.7,coconut
23,91,102,5.9,81.6,38.9,jute
68,132,9,8.61,154.18,24.69,maize
115,71,113,6.5,209.11,36.23,coffee
97,8,31,7.57,110.62,42.09,kidneybeans
138,51,120,5.85,42.3,17.91,pomegranate
96,42,91,5.08,183.36,22.33,maize
123,25,108,9.23,285.4,41.53,blackgram
69,61,127,7.12,155.82,20.18,rice
92,121,83,9.1,273.71,40.9,mothbeans
2,50,47,4.72,253.81,43.32,banana
89,43,101,4.38,61.28,31.83,pomegranate
95,141,35,8.63,218.29,37.41,grapes
51,103,103,7.59,141.93,34.98,rice
127,81,21,4.62,90.07,33.18,maize
38,119,87,5.12,212.34,19.05,chickpea
81,138,114,8.3,227.95,10.06,lentil
103,95,186,6.22,70.37,20.35,pigeonpeas
128,102,194,7.52,276.04,32.01,pomegranate
10,124,36,5.41,230.32,11.69,pomegranate
41,50,172,5.79,281.35,8.43,mango
98,42,145,9.44,108.78,13.03,papaya
6,104,39,4.99,283.01,33.77,jute
89,76,137,6.54,123.18,43.02,jute
111,39,205,8.57,35.11,43.39,rice
59,34,33,4.94,233.63,25.78,chickpea
112,82,74,5.99,216.98,39.3,pigeonpeas
1,88,157,7.19,187.42,34.53,orange
128,117,99,6.39,157.17,26.04,blackgram
47,29,26,6.26,29.01,28.62,orange
139,92,198,5.68,194.89,12.94,lentil
36,18,177,7.02,136.71,41.76,mothbeans
8,106,73,7.25,176.86,20.67,orange
98,87,93,7.42,140.21,24.06,blackgram
47,114,76,3.92,290.5,32.18,jute
130,135,133,7.29,189.15,20.02,mungbean
53,23,176,9.22,229.79,17.15,mungbean
119,32,91,6.75,282.18,30.72,muskmelon
115,75,100,7.79,185.65,8.9,mungbean
74,67,79,6.84,23.38,33.95,coffee
112,77,171,8.63,29.6,26.5,blackgram
103,128,58,9.08,216.65,29.81,lentil
83,123,92,4.61,98.14,30.75,muskmelon
111,125,161,6.12,182.23,26.97,maize
98,23,58,5.85,76.64,28.97,mungbean
92,124,20,5.93,95.67,32.62,muskmelon
127,65,103,4.25,161.3,35.11,papaya
109,34,24,8.38,293.16,34.19,coffee
81,13,50,3.71,192.56,39.31,papaya
53,68,199,6.67,282.12,14.82,pomegranate
67,124,197,7.47,288.63,22.44,coffee
32,56,131,4.74,78.27,42.12,papaya
20,93,62,8.94,107.13,22.28,rice
47,57,185,8.53,235.6,12.5,mungbean
127,82,115,6.33,262.69,26.92,chickpea
135,45,133,5.97,165.38,11.94,watermelon
134,72,85,4.92,298.1,15.3,mango
127,12,198,7.88,23.24,43.94,watermelon
32,6,161,4.29,103.89,27.49,kidneybeans
114,109,88,7.58,194.49,18.23,grapes
118,129,74,8.55,151.4,43.81,apple
21,114,12,4.87,52.65,42.8,apple
37,90,33,8.7,122.98,23.87,coffee
108,124,116,3.7,27.13,17.37,pigeonpeas
50,131,183,8.98,199.97,38.18,cotton
7,20,165,4.21,269.97,33.76,mothbeans
26,66,135,7.37,267.76,32.73,mothbeans
26,117,192,5.0,215.87,40.15,papaya
20,16,167,8.52,150.42,32.82,mothbeans
29,39,201,6.57,163.37,18.22,mungbean
96,15,112,4.31,58.34,32.98,apple
27,68,113,6.93,115.48,19.01,lentil
110,54,24,5.95,72.56,35.33,grapes
60,73,77,7.47,249.94,30.31,mango
47,52,171,8.79,276.13,10.79,coconut
3,24,8,5.96,170.34,26.46,rice
34,105,23,5.24,223.77,20.36,blackgram
48,141,106,3.59,54.01,19.83,kidneybeans
16,72,177,6.95,190.39,29.68,jute
45,39,175,5.91,216.78,19.6,coffee
116,69,145,5.75,146.78,35.97,coconut
5,12,145,4.6,88.12,10.55,jute
98,49,192,6.08,265.66,31.77,pigeonpeas
123,91,189,9.41,228.01,37.13,orange
36,80,90,5.29,271.96,32.22,chickpea
23,80,56,7.1,249.15,25.9,coconut
92,51,115,8.16,297.3,42.21,rice
45,19,185,7.99,73.81,18.8,rice
94,109,113,5.47,44.29,8.69,cotton
98,30,90,7.17,114.36,23.55,lentil
115,56,47,8.73,56.12,9.19,pigeonpeas
66,97,204,3.59,166.48,42.34,mungbean
127,25,204,6.11,197.25,15.56,mothbeans
17,55,46,4.85,181.92,36.4,orange
24,42,94,5.83,92.59,35.88,coffee
53,24,119,6.0,274.47,15.84,orange
57,136,30,7.98,25.93,30.36,grapes
66,59,155,4.06,117.44,9.73,mango
103,96,47,6.58,221.32,25.41,kidneybeans
23,32,81,6.89,234.74,8.53,blackgram
113,8,160,6.46,136.51,41.16,pigeonpeas
31,80,141,7.89,24.73,43.14,pigeonpeas
85,71,24,5.8,193.05,16.0,grapes
126,90,188,9.17,37.67,15.49,banana
129,95,43,6.39,50.2,35.13,blackgram
16,109,183,6.93,202.07,17.12,blackgram
103,5,16,8.45,107.5,40.22,rice
136,76,187,5.15,117.45,28.66,grapes
42,91,15,3.95,156.31,20.63,pigeonpeas
38,10,158,7.75,294.0,37.98,jute
25,65,46,6.4,290.32,25.76,blackgram
98,16,159,8.88,136.55,40.82,orange
49,10,15,9.4,94.34,41.41,grapes
12,31,42,5.89,104.73,13.96,lentil
59,140,102,5.99,95.26,8.08,maize
134,128,175,5.95,169.03,43.42,coconut
56,110,23,5.45,189.92,40.62,cotton
35,97,196,8.19,156.86,10.0,orange
19,113,138,8.05,134.24,37.99,mungbean
64,103,178,6.37,79.16,24.48,chickpea
7,39,120,3.77,155.1,17.32,coconut
114,88,117,5.36,115.51,39.63,coconut
91,60,174,5.25,171.65,15.08,lentil
97,145,69,8.37,209.05,42.1,pomegranate
65,53,103,4.03,197.33,15.4,watermelon
31,50,76,8.33,149.5,30.09,papaya
85,117,191,7.52,175.69,16.03,muskmelon
50,140,56,7.89,99.76,27.64,rice
62,47,122,6.09,26.79,32.62,mothbeans
124,128,179,7.58,195.01,14.85,muskmelon
57,101,124,7.15,90.72,26.75,mothbeans
57,94,11,8.11,207.31,24.89,papaya
85,43,15,6.18,229.16,10.56,rice
48,89,107,6.34,276.46,37.46,chickpea
69,66,65,7.36,288.27,20.08,orange
14,110,72,4.15,22.95,28.68,apple
53,111,157,6.12,297.3,26.53,blackgram
100,58,144,9.33,211.25,26.48,orange
7,130,158,3.73,200.19,11.86,blackgram
52,13,106,5.4,24.26,23.25,orange
59,92,114,5.38,261.15,24.29,lentil
107,41,144,7.3,60.74,34.41,mango
4,53,175,4.13,254.45,38.24,coconut
102,45,55,7.27,24.36,27.62,kidneybeans
5,21,121,4.07,200.87,11.12,jute
108,92,169,4.07,141.74,16.53,coffee
115,25,50,7.87,76.21,13.94,banana
93,55,57,5.44,50.12,12.49,kidneybeans
46,63,92,9.36,143.24,21.17,watermelon
98,45,125,3.72,54.53,16.26,watermelon
54,43,17,6.17,156.21,15.86,mothbeans
51,145,93,4.18,195.06,9.97,orange
12,15,129,5.61,251.67,8.64,maize
113,143,122,9.49,210.02,11.7,blackgram
123,81,58,8.83,38.26,14.2,kidneybeans
105,131,189,3.79,106.08,23.52,pomegranate
119,50,120,6.88,100.63,26.38,mungbean
62,49,122,7.39,276.21,13.06,kidneybeans
18,5,8,4.76,262.98,23.29,apple
91,112,79,4.37,123.64,20.3,watermelon
57,23,53,8.93,39.92,14.6,apple
89,80,11,9.31,270.35,8.25,lentil
116,76,114,9.45,268.69,24.81,kidneybeans
61,113,126,8.24,259.33,32.68,mothbeans
22,16,15,7.48,256.62,16.15,rice
126,49,96,5.57,154.47,12.75,mungbean
136,94,186,4.53,69.68,39.93,rice
139,107,177,3.97,153.7,17.9,coconut
128,12,27,7.66,158.49,16.05,blackgram
57,95,32,8.21,157.18,38.86,chickpea
121,91,115,8.46,170.86,37.42,rice
0,88,61,8.98,92.14,24.14,rice
33,86,30,8.78,122.55,25.61,mungbean
95,72,157,9.5,141.57,15.84,jute
125,131,58,4.96,56.71,10.82,grapes
117,86,33,8.08,147.5,28.64,rice
47,88,101,7.02,246.93,11.54,apple
88,117,168,5.07,251.86,24.17,coffee
116,80,18,9.39,135.24,41.86,coffee
128,126,82,8.89,165.27,42.3,watermelon
15,45,39,4.27,29.42,16.62,kidneybeans
68,6,34,3.66,208.84,30.47,mango
21,33,96,7.63,133.29,25.07,mango
92,109,21,7.12,144.73,39.52,orange
75,55,199,9.11,264.63,17.77,jute
85,79,162,4.9,149.31,8.13,muskmelon
28,14,97,4.01,25.93,13.85,pomegranate
68,55,177,5.06,83.7,20.58,chickpea
46,122,83,3.61,153.17,19.37,cotton
93,125,114,3.72,138.83,36.49,cotton
84,43,183,8.99,260.9,32.5,mango
38,32,106,5.61,171.8,18.78,rice
99,7,110,5.96,213.1,24.48,rice
32,88,51,3.61,151.41,11.44,pomegranate
100,121,185,5.12,143.1,40.33,papaya
22,6,68,8.33,144.96,41.68,muskmelon
9,97,170,7.19,135.06,43.27,maize
68,135,68,8.02,170.8,39.27,orange
99,98,91,6.18,90.12,14.26,blackgram
33,44,11,5.36,269.5,9.66,coffee
137,6,26,6.4,113.26,28.87,coffee
95,85,85,5.44,61.31,40.85,lentil
0,16,173,8.53,47.03,14.38,jute
68,69,78,5.29,23.76,8.25,cotton
3,59,142,7.46,138.4,37.0,banana
15,49,189,4.32,72.53,10.76,mothbeans
23,105,139,7.62,26.06,22.89,watermelon
79,66,129,8.98,165.61,32.44,rice
1,53,54,7.15,210.39,16.52,mungbean
127,131,56,6.86,44.01,11.02,lentil
83,27,165,9.27,149.06,35.72,banana
139,42,5,7.26,228.22,30.69,apple
123,32,185,5.06,296.03,43.59,coconut
32,25,192,5.25,206.81,20.4,maize
100,111,166,7.73,88.56,10.22,muskmelon
11,103,8,7.91,220.64,34.44,chickpea
66,123,149,5.32,187.42,26.78,kidneybeans
64,77,136,5.57,79.3,15.68,cotton
73,126,175,9.45,258.31,36.14,coffee
42,34,8,4.11,139.67,15.34,mungbean
43,112,5,5.93,289.35,17.38,mango
28,102,75,3.87,222.41,11.33,kidneybeans
140,36,182,8.43,200.48,22.38,pomegranate
11,83,205,4.05,223.94,23.08,mothbeans
94,45,193,7.54,153.87,26.52,coffee
45,67,39,3.84,161.46,33.52,watermelon
129,27,12,7.54,258.34,40.62,chickpea
34,108,156,8.56,210.66,12.96,orange
80,79,40,5.89,271.23,9.96,banana
89,52,182,6.63,269.43,8.67,pomegranate
7,61,127,5.91,293.42,13.17,jute
92,122,47,5.3,216.06,31.69,pomegranate
89,104,31,8.32,160.64,34.19,pomegranate
114,128,36,5.13,66.57,36.31,chickpea
104,38,82,7.84,217.51,16.77,muskmelon
134,11,125,4.74,101.64,19.01,orange
57,60,150,5.0,99.23,25.39,papaya
113,69,160,5.52,86.72,10.27,coconut
74,51,161,7.03,265.03,30.0,coconut
119,23,20,6.23,263.03,43.41,mango
20,130,103,7.97,196.67,20.99,pigeonpeas
137,143,51,4.78,152.43,35.1,apple
100,53,191,3.56,208.19,26.0,muskmelon
98,117,35,8.16,190.02,12.6,muskmelon
35,42,8,8.43,136.41,28.96,mothbeans
95,68,169,3.86,126.3,18.8,mango
36,73,21,7.17,127.18,9.24,maize
11,140,43,5.77,184.96,30.86,cotton
112,120,52,8.26,201.35,38.92,lentil
12,69,178,8.75,146.49,20.41,kidneybeans
22,35,180,8.61,291.23,22.05,pigeonpeas
98,136,43,8.16,43.48,40.08,jute
104,117,136,5.11,117.17,37.29,blackgram
29,113,34,8.37,137.34,33.74,coffee
16,73,162,6.7,24.74,16.96,pomegranate
112,124,26,3.82,122.19,40.77,mungbean
61,92,70,6.24,96.64,13.56,coffee
83,71,112,9.15,161.69,30.56,watermelon
111,79,16,8.83,114.19,9.04,pigeonpeas
85,49,40,4.11,223.33,31.17,apple
140,8,22,7.96,162.78,17.98,muskmelon
18,111,94,8.33,56.33,24.19,pigeonpeas
99,55,185,5.13,230.02,20.43,chickpea
139,54,203,6.33,47.78,14.22,pomegranate
75,10,5,7.77,254.93,30.39,pigeonpeas
8,63,131,6.13,280.8,39.75,muskmelon
27,129,190,4.18,110.28,42.53,papaya
127,34,94,7.74,279.32,14.92,blackgram
51,126,91,8.97,242.04,33.83,jute
82,129,94,7.41,278.28,31.92,maize
110,41,138,8.14,206.56,20.36,coffee
116,128,74,5.65,85.98,8.69,blackgram
68,105,48,4.6,270.47,32.83,blackgram
98,39,204,7.36,71.59,42.04,kidneybeans
139,91,156,5.47,79.66,30.76,coconut
24,138,90,8.66,95.9,23.67,papaya
122,22,23,4.24,105.19,26.91,jute
52,117,105,6.1,164.05,15.19,rice
56,33,150,5.88,219.77,35.02,cotton
38,81,99,9.13,279.34,34.87,muskmelon
108,63,105,4.42,44.76,13.24,papaya
41,130,34,3.56,287.22,39.61,coffee
121,113,174,4.93,277.97,17.69,mango
132,26,37,8.42,35.12,43.36,rice
74,72,16,4.76,120.89,21.78,mungbean
75,73,122,4.95,247.68,14.4,coconut
8,53,98,4.28,191.24,20.66,rice
73,145,159,7.79,238.15,23.85,mungbean
6,113,171,3.92,221.33,10.5,maize
140,90,141,5.49,159.1,28.82,mungbean
136,57,153,5.19,31.54,29.51,coconut
26,127,80,6.83,183.6,34.6,grapes
121,91,33,7.88,33.6,9.05,pigeonpeas
4,135,165,6.7,189.04,27.48,coconut
28,46,194,9.09,244.12,9.9,rice
82,102,121,9.21,183.8,33.24,rice
135,113,19,5.67,299.17,10.01,papaya
108,55,6,8.17,147.64,40.82,rice
64,89,184,7.93,229.67,33.27,pigeonpeas
85,131,121,8.86,206.82,26.27,lentil
70,25,176,6.19,297.6,23.89,mango
44,48,186,6.68,219.7,12.7,lentil
131,143,22,5.99,65.93,18.48,papaya
35,107,7,8.6,287.54,39.28,banana
69,72,139,4.88,206.98,40.56,rice
18,133,175,4.94,36.61,8.03,coconut
107,96,170,5.74,204.12,29.39,coffee
90,28,169,4.88,267.27,33.89,pomegranate
89,129,190,6.87,181.57,30.27,maize
18,145,165,4.31,119.13,10.94,mungbean
38,115,112,5.42,249.85,15.84,cotton
125,102,191,8.98,239.1,17.01,maize
140,143,99,5.96,172.37,37.94,coconut
125,21,126,7.99,63.22,24.68,mothbeans
57,103,15,4.18,90.28,25.53,pomegranate
60,86,72,4.99,226.78,41.66,lentil
126,108,127,8.34,245.7,30.94,blackgram
104,23,200,8.08,98.19,40.35,banana
0,89,117,5.82,123.04,24.43,lentil
130,12,102,9.23,41.74,13.38,cotton
91,32,97,8.96,219.77,41.48,cotton
112,9,26,9.27,21.0,24.51,lentil
55,105,198,6.07,33.03,14.54,blackgram
116,122,176,4.68,21.22,18.89,muskmelon
133,68,131,7.26,200.69,9.83,maize
57,95,138,7.61,136.87,24.86,rice
43,121,174,4.25,103.31,38.71,lentil
60,102,29,8.22,275.56,41.61,lentil
46,15,189,3.61,73.98,41.57,grapes
79,58,89,6.4,129.02,12.51,blackgram
117,51,59,5.49,283.29,21.75,jute
19,144,148,7.94,139.59,9.02,pigeonpeas
46,143,99,5.38,175.31,38.79,chickpea
48,9,146,8.46,42.49,20.92,jute
13,24,171,7.07,241.25,30.72,kidneybeans
0,50,160,8.26,138.37,33.74,orange
116,16,183,9.44,244.14,23.47,apple
53,74,123,7.57,91.06,19.03,apple
117,21,181,9.41,138.29,42.64,cotton
2,119,13,3.67,240.23,42.72,chickpea
11,52,190,5.53,292.69,18.42,mothbeans
73,112,177,4.15,36.7,25.27,rice
15,56,154,5.07,247.49,43.02,jute
101,100,164,8.53,104.19,8.18,apple
116,74,201,3.69,174.21,22.86,muskmelon
7,106,201,6.62,101.23,11.62,mungbean
121,79,46,6.9,191.76,26.33,maize
91,86,57,6.87,119.06,8.89,pomegranate
89,96,191,6.35,113.41,22.65,muskmelon
135,8,78,8.24,30.62,15.95,mothbeans
59,139,43,4.3,61.15,27.2,maize
27,113,126,5.36,276.78,43.86,orange
100,52,19,7.19,299.52,36.82,rice
40,77,203,7.65,238.55,38.44,rice
140,76,161,5.92,100.31,30.87,kidneybeans
45,120,127,8.75,132.68,9.5,cotton
34,85,115,5.99,227.06,15.44,apple
133,85,135,5.92,291.18,41.3,blackgram
81,117,87,3.72,147.53,21.18,rice
114,100,14,6.81,252.27,11.73,coconut
46,76,96,7.75,293.02,33.29,banana
9,67,33,4.19,264.57,18.78,orange
55,42,39,5.33,83.6,17.68,pomegranate
29,71,10,8.19,22.25,43.93,mango
108,73,144,5.7,157.78,38.89,lentil
4,17,115,4.95,168.78,22.69,mungbean
118,35,42,7.53,76.35,43.29,mango
32,118,81,4.68,99.71,31.4,muskmelon
117,26,97,8.87,234.24,34.71,blackgram
64,97,151,4.13,151.7,9.13,orange
10,71,71,7.74,108.86,12.38,pigeonpeas
84,58,140,6.5,194.34,30.79,watermelon
25,142,12,8.72,202.77,40.36,maize
62,46,126,4.26,235.43,30.45,apple
85,68,88,7.57,63.88,12.82,orange
58,130,179,6.93,227.62,12.17,chickpea
26,25,136,6.38,187.84,38.39,rice
97,39,183,6.45,36.12,13.01,papaya
104,34,89,7.83,237.68,26.73,papaya
98,61,199,9.13,127.26,9.34,kidneybeans
128,51,49,4.05,112.51,10.9,muskmelon
54,23,140,3.62,145.46,32.2,coconut
5,118,91,8.33,116.93,32.81,coconut
94,12,20,4.15,114.72,20.29,pomegranate
132,30,81,9.42,246.26,15.76,pigeonpeas
101,117,199,7.22,54.86,37.29,coconut
2,75,13,7.41,291.77,15.82,banana
22,34,64,4.69,175.38,27.51,mungbean
52,139,82,4.94,71.22,42.86,pigeonpeas
82,71,81,7.46,56.74,13.32,cotton
84,69,75,8.96,185.62,41.87,mango
77,40,19,9.39,197.24,14.58,coconut
109,29,75,4.69,34.85,28.43,muskmelon
0,41,106,4.3,88.04,21.57,mango
50,5,173,3.84,242.73,42.74,kidneybeans
3,41,26,8.71,33.89,17.85,mango
112,145,156,5.27,259.42,22.39,papaya
31,140,117,3.51,204.29,43.38,orange
33,137,176,4.84,141.64,27.31,coconut
91,132,5,5.54,117.0,26.09,apple
94,131,14,9.45,25.39,17.28,banana
71,5,114,6.64,251.06,33.25,maize
38,39,204,4.73,59.96,8.52,apple
117,108,188,5.51,106.67,9.78,rice
2,27,117,5.48,179.35,29.58,orange
122,13,54,3.62,88.88,20.3,papaya
49,38,16,4.31,159.2,42.32,grapes
11,132,93,7.67,246.62,40.51,pigeonpeas
53,8,192,4.22,151.75,33.69,mothbeans
132,106,158,4.88,285.71,37.45,rice
56,79,116,5.6,257.3,32.02,pomegranate
111,103,82,8.05,113.25,12.52,pigeonpeas
46,76,173,6.99,131.99,35.56,rice
84,7,168,7.63,138.53,15.57,banana
65,38,125,6.9,195.33,19.64,mungbean
74,49,27,7.6,100.3,37.49,papaya
102,65,175,3.52,291.39,27.31,jute
37,87,138,9.09,190.43,38.96,cotton
49,127,201,4.17,131.83,15.67,jute
97,106,175,5.94,200.6,29.88,pomegranate
81,20,29,8.13,130.71,11.02,muskmelon
29,70,22,6.11,248.98,31.15,kidneybeans
78,123,194,9.18,179.0,35.45,apple
90,128,145,6.31,31.75,29.06,muskmelon
51,106,47,8.75,69.49,17.58,muskmelon
78,70,82,8.36,262.2,9.13,mango
29,17,32,9.39,177.61,12.3,blackgram
105,115,150,9.06,286.1,30.4,blackgram
50,38,63,8.89,40.28,41.64,papaya
80,43,192,7.89,102.67,15.44,mothbeans
132,140,67,5.7,74.19,34.46,pigeonpeas
28,124,189,4.14,175.08,39.19,maize
131,130,96,7.63,127.18,26.75,mango
137,59,183,9.37,64.04,32.09,kidneybeans
73,31,60,7.86,199.97,37.34,grapes
16,122,159,9.07,170.16,17.38,orange
83,57,164,8.33,96.93,18.69,apple
68,43,115,4.48,154.34,8.02,lentil
33,69,141,5.0,228.81,42.67,rice
5,17,72,5.55,77.48,41.03,muskmelon
52,25,50,4.51,102.01,35.52,mango
125,57,71,6.99,116.91,10.85,pigeonpeas
42,23,158,9.35,229.08,24.11,papaya
114,61,140,8.07,257.14,11.67,cotton
110,29,10,6.04,125.39,8.57,maize
79,35,28,3.53,103.05,30.18,kidneybeans
94,85,180,5.38,269.05,42.59,muskmelon
117,27,98,6.66,299.82,40.5,mothbeans
7,36,177,5.45,207.7,33.08,coffee
131,78,17,4.17,297.19,11.48,mango
103,14,201,6.16,204.79,17.87,papaya
131,58,29,5.02,225.37,19.52,cotton
24,56,152,8.96,128.82,35.47,kidneybeans
95,118,122,4.11,141.23,36.88,rice
92,18,86,3.79,60.36,21.86,muskmelon
60,114,115,3.53,250.37,23.04,papaya
121,57,86,5.47,280.7,9.6,watermelon
50,83,70,7.46,194.56,18.41,chickpea
20,26,49,7.88,116.22,24.25,muskmelon
4,34,118,6.22,63.12,12.21,pigeonpeas
91,8,179,7.61,94.24,24.32,coffee
60,63,67,5.66,91.51,38.71,chickpea
21,12,80,7.51,191.79,28.93,coffee
69,16,118,3.74,284.61,10.84,mungbean
0,123,115,5.84,33.52,14.9,mothbeans
132,38,187,8.25,20.29,25.08,coffee
11,86,151,8.32,188.05,21.01,rice
89,102,39,7.8,99.54,20.91,coconut
45,131,57,4.73,266.55,27.05,mungbean
33,79,30,4.98,111.63,29.04,kidneybeans
77,109,18,9.48,101.13,36.69,mango
44,53,122,4.12,95.46,20.27,cotton
72,83,49,4.58,60.56,37.0,papaya
25,97,176,4.28,182.83,20.19,lentil
46,22,197,5.47,67.1,10.0,coconut
120,100,55,4.76,138.9,27.95,coffee
55,42,175,6.49,149.07,29.16,kidneybeans
93,91,123,6.36,25.74,41.64,rice
106,92,155,8.91,24.71,34.14,lentil
62,54,188,3.71,165.66,41.04,muskmelon
47,12,23,5.42,214.89,40.7,coffee
60,138,86,7.08,283.8,29.76,blackgram
80,73,80,7.13,70.15,27.0,muskmelon
25,125,187,6.38,48.91,28.07,muskmelon
35,68,96,8.39,34.58,43.22,papaya
0,143,192,3.88,142.09,35.83,mungbean
7,125,191,8.39,194.48,11.83,coffee
112,69,37,6.47,255.35,36.02,papaya
98,111,151,4.3,211.14,14.14,apple
46,141,32,8.81,78.34,24.1,maize
126,104,127,7.4,149.3,15.58,kidneybeans
55,86,184,4.48,274.9,32.82,cotton
13,55,130,3.7,111.49,39.58,apple
27,145,181,4.35,159.64,18.45,chickpea
77,87,41,7.15,288.4,10.95,maize
129,116,158,4.58,225.72,18.75,chickpea
108,60,103,4.85,229.37,32.21,pigeonpeas
13,64,102,3.65,90.65,19.84,maize
55,124,131,7.84,136.12,18.01,coconut
114,142,172,8.36,43.06,14.64,cotton
6,27,84,8.28,189.83,25.91,maize
2,17,42,4.27,49.04,17.93,maize
110,105,81,8.92,254.05,34.32,coffee
106,28,130,7.53,248.08,10.76,cotton
17,112,91,8.89,169.41,31.91,papaya
37,15,58,6.18,59.53,16.55,cotton
114,21,154,6.12,27.16,25.61,jute
14,29,20,8.21,243.08,18.3,watermelon
118,98,32,4.06,188.04,34.02,muskmelon
27,25,167,6.63,219.06,42.03,mango
38,88,192,8.52,105.07,41.01,banana
16,144,177,8.48,162.66,29.0,banana
85,41,50,9.24,229.21,24.65,mungbean
125,46,76,7.69,149.52,37.46,mango
43,105,187,4.75,188.39,32.6,apple
24,52,89,3.62,241.12,14.61,pigeonpeas
12,107,30,6.38,80.26,37.55,maize
24,32,89,6.58,38.46,23.44,coffee
67,45,157,4.94,168.91,14.8,apple
137,103,69,4.25,37.4,18.14,muskmelon
66,51,138,7.02,234.64,17.63,banana
108,109,155,8.09,221.38,26.69,mothbeans
110,128,119,9.46,266.88,16.44,grapes
110,17,68,8.05,199.08,12.45,coconut
33,145,91,8.26,38.82,12.45,pomegranate
110,104,175,7.2,90.88,29.0,coconut
7,35,111,9.42,246.22,34.45,pigeonpeas
112,134,155,7.34,66.8,19.58,jute
82,20,100,8.66,215.57,9.25,mungbean
41,141,162,9.17,238.47,12.58,banana
100,77,81,9.08,112.43,40.93,watermelon
5,58,150,5.79,110.24,25.77,jute
25,104,91,3.97,176.18,24.33,apple
63,113,153,4.53,261.16,9.37,papaya
58,91,61,3.86,82.69,34.23,jute
108,141,107,4.13,283.55,27.01,kidneybeans
120,12,155,4.61,187.75,15.27,rice
32,11,95,5.55,297.8,11.96,coffee
20,40,49,6.76,45.09,21.8,muskmelon
69,22,176,7.77,55.44,38.14,watermelon
111,7,92,4.77,251.46,39.15,coconut
3,32,119,7.54,262.13,29.7,pigeonpeas
93,74,51,7.73,144.73,34.19,kidneybeans
74,32,172,6.85,219.94,12.15,grapes
61,58,183,8.92,262.92,29.17,papaya
93,69,174,4.17,32.08,32.01,mango
94,104,139,4.56,180.71,15.23,jute
54,25,54,6.07,258.97,39.69,muskmelon
136,17,180,4.26,131.48,15.02,lentil
130,61,88,6.9,104.67,19.29,kidneybeans
30,53,95,5.89,242.8,30.34,pigeonpeas
39,122,138,5.21,114.02,30.98,lentil
35,58,95,4.52,20.89,33.18,grapes
5,142,141,5.51,288.68,12.03,pomegranate
65,57,113,7.15,185.79,38.58,apple
74,48,61,6.95,249.47,27.18,grapes
3,51,35,4.48,251.08,24.97,kidneybeans
78,57,25,4.25,38.59,43.32,jute
133,78,94,3.66,67.84,34.65,grapes
117,50,44,3.57,107.11,12.25,jute
112,17,116,8.78,109.8,35.24,blackgram
93,106,49,3.77,204.46,11.43,grapes
61,28,81,7.89,194.48,8.99,muskmelon
78,6,181,8.73,158.49,22.53,cotton
135,85,91,4.09,79.15,43.77,cotton
25,104,152,6.12,126.96,14.3,grapes
43,142,105,9.27,172.21,32.22,pigeonpeas
132,135,121,8.5,151.04,14.24,coffee
69,115,96,6.44,55.64,34.09,coffee
117,106,149,8.08,201.86,26.19,mothbeans
67,21,32,8.5,40.45,32.48,pigeonpeas
18,16,173,5.59,125.89,15.3,grapes
19,120,198,8.85,218.81,34.84,pigeonpeas
112,28,29,6.32,25.61,43.84,grapes
139,33,62,6.67,179.6,31.96,cotton
46,126,45,9.5,113.67,25.77,blackgram
0,94,138,8.56,22.47,41.23,lentil
89,69,79,5.67,73.31,8.57,jute
63,88,42,3.56,283.46,34.28,coconut
37,123,138,7.26,165.92,39.99,cotton
36,20,177,7.72,299.22,10.22,muskmelon
125,108,79,7.4,166.95,24.2,coffee
138,96,146,9.31,172.3,15.37,pomegranate
99,31,70,8.68,129.72,28.39,banana
76,138,172,6.19,106.81,31.38,pigeonpeas
2,139,7,3.88,90.43,18.89,lentil
133,37,121,6.36,116.16,24.56,banana
9,59,103,7.64,148.76,18.06,coconut
4,11,156,7.15,73.76,21.3,maize
137,61,23,6.73,82.97,13.74,mothbeans
129,130,150,6.31,96.03,39.88,jute
12,16,196,5.26,145.79,8.36,rice
129,20,120,5.16,202.79,39.77,chickpea
83,47,129,6.5,259.72,28.58,chickpea
64,121,92,4.46,100.4,19.94,watermelon
62,139,39,5.54,71.44,34.03,cotton
100,115,194,5.44,126.08,26.28,coffee
72,55,5,7.02,270.43,25.97,pigeonpeas
16,79,157,3.9,22.76,11.97,orange
8,12,177,8.48,209.8,22.02,muskmelon
37,49,181,6.87,153.6,16.68,mothbeans
93,63,130,7.52,65.09,8.57,watermelon
94,136,93,7.72,109.89,20.96,watermelon
48,108,148,5.25,82.99,11.23,orange
68,102,151,6.32,265.79,17.25,blackgram
61,83,155,9.24,154.92,11.33,blackgram
77,128,29,8.1,177.67,11.63,coconut
116,8,20,9.32,186.23,15.16,lentil
119,94,186,7.98,199.09,43.99,banana
136,108,77,4.55,158.76,8.08,grapes
75,141,133,3.89,25.0,30.99,grapes
34,123,46,6.97,113.72,13.08,coconut
0,137,151,5.65,71.48,41.14,jute
39,60,166,5.15,210.44,11.37,coconut
63,100,84,8.34,35.88,42.38,pigeonpeas
59,79,108,5.7,177.86,29.99,apple
63,36,187,5.4,78.98,8.05,lentil
92,32,150,8.6,285.68,40.18,cotton
71,26,38,8.58,113.95,26.78,coffee
10,21,93,5.64,111.06,17.46,chickpea
104,63,129,8.49,278.55,35.62,coconut
13,94,49,8.6,136.86,41.36,pigeonpeas
59,110,138,6.04,289.6,25.41,blackgram
29,30,25,3.9,26.77,19.36,watermelon
34,29,126,3.51,105.78,36.4,chickpea
4,142,74,6.64,206.53,32.54,grapes
82,49,100,5.56,269.44,40.0,banana
122,87,109,9.48,91.79,32.93,blackgram
77,15,52,8.13,280.53,16.77,coconut
61,108,43,8.07,186.35,41.54,pomegranate
131,72,35,9.23,244.28,11.77,papaya
88,99,14,8.83,131.22,17.65,papaya
41,69,34,5.41,79.41,26.73,mungbean
88,53,22,4.5,275.15,28.37,apple
39,56,192,7.98,281.28,8.55,mothbeans
71,106,92,5.77,159.32,36.1,apple
38,61,129,6.34,21.82,21.02,apple
103,51,77,7.28,50.74,22.63,rice
13,30,19,8.95,180.45,37.14,coconut
31,118,8,6.01,26.66,21.65,chickpea
124,9,195,8.2,131.14,9.7,mothbeans
96,88,172,5.11,104.94,14.35,kidneybeans
22,56,13,7.69,220.02,42.41,kidneybeans
62,109,113,3.51,35.56,10.53,kidneybeans
52,58,141,8.73,156.84,20.78,pomegranate
103,19,158,3.68,182.15,26.11,lentil
103,65,136,7.78,192.84,25.76,blackgram
38,126,20,3.78,133.44,8.14,coconut
133,25,147,5.1,105.22,26.04,orange
66,50,103,6.48,211.1,21.82,orange
134,138,125,6.02,257.32,42.99,rice
41,42,56,4.65,214.21,13.73,cotton
14,66,73,5.5,280.99,20.75,watermelon
110,90,9,7.87,220.83,23.1,coffee
32,82,24,7.52,234.09,22.06,cotton
37,50,83,3.93,67.01,31.97,banana
96,145,150,7.98,137.47,15.76,chickpea
32,7,115,3.82,155.82,15.96,blackgram
85,10,6,6.76,91.76,34.25,coffee
65,97,97,5.06,167.99,26.01,pomegranate
9,12,17,7.03,101.42,22.95,orange
4,112,8,5.07,212.5,14.09,blackgram
122,79,174,9.41,151.68,14.75,coffee
73,81,113,5.36,148.47,8.38,rice
96,54,78,4.95,295.42,11.29,cotton
117,15,193,5.17,129.88,28.05,jute
37,99,99,8.88,121.44,40.11,mungbean
140,74,109,7.32,109.21,18.34,lentil
46,20,12,7.88,270.53,19.8,mango
108,72,71,9.01,159.08,12.16,coffee
14,103,195,8.97,188.0,21.99,lentil
135,52,114,7.93,70.63,9.34,cotton
4,68,13,4.69,171.46,41.03,chickpea
46,94,121,8.56,96.9,32.23,kidneybeans
67,80,15,4.72,224.58,43.67,pomegranate
75,143,103,7.96,253.11,39.78,kidneybeans
129,105,46,7.61,220.15,25.03,coffee
94,93,145,8.05,224.47,26.71,lentil
114,22,168,6.7,163.49,14.86,coffee
35,23,124,7.33,219.39,24.63,rice
25,59,145,9.22,138.35,40.51,pigeonpeas
42,106,16,4.11,202.42,9.83,lentil
26,122,41,5.35,92.53,39.09,pigeonpeas
68,138,78,7.17,39.53,20.27,mothbeans
10,8,77,9.28,135.77,40.38,coconut
73,112,56,4.07,149.3,41.87,blackgram
103,119,203,3.64,91.79,32.15,pomegranate
37,33,134,3.83,223.76,31.92,banana
133,63,60,3.81,40.59,24.3,grapes
22,129,64,8.95,82.37,38.08,cotton
46,102,27,7.83,229.6,42.62,kidneybeans
89,21,107,7.56,142.39,35.9,banana
45,111,44,6.64,217.48,30.39,mango
106,47,68,8.19,178.9,29.84,pigeonpeas
139,84,89,4.43,286.2,38.58,pomegranate
140,12,155,5.85,187.38,27.48,mungbean
103,145,161,6.44,24.16,36.94,jute
110,110,183,4.16,118.81,26.32,lentil
103,12,201,6.02,60.06,10.25,lentil
59,100,93,5.4,278.9,21.82,pomegranate
99,98,35,3.71,49.12,24.0,pomegranate
67,69,182,4.32,128.56,13.1,maize
132,43,24,8.08,83.31,11.69,kidneybeans
119,85,187,3.61,257.08,27.28,blackgram
36,88,134,9.11,106.4,11.07,watermelon
71,92,157,4.02,297.73,18.91,orange
126,90,17,8.3,30.81,34.81,grapes
105,97,126,8.89,55.92,42.72,jute
91,90,107,9.15,82.9,33.84,papaya
30,48,110,8.7,247.11,43.73,papaya
121,141,123,5.23,265.98,33.14,grapes
136,78,74,5.5,40.01,18.58,blackgram
50,40,199,6.06,29.09,32.19,mango
28,105,190,4.34,228.48,33.28,jute
39,108,103,3.63,57.34,21.38,rice
40,70,86,8.71,57.24,8.64,cotton
10,59,79,6.82,26.26,33.32,papaya
0,95,122,7.15,33.95,8.78,chickpea
45,26,88,9.06,93.83,30.72,mango
100,105,196,7.49,38.2,13.89,coconut
89,125,73,7.65,123.29,28.36,grapes
109,97,63,8.22,253.18,26.14,pomegranate
56,112,192,4.2,111.37,8.49,muskmelon
0,145,130,5.66,223.79,21.06,cotton
62,14,115,9.31,46.29,29.64,maize
54,13,66,9.04,204.63,38.55,coconut
114,38,148,8.8,108.69,39.99,chickpea
52,133,132,6.21,229.93,25.42,watermelon
136,93,109,8.64,58.15,34.22,mungbean
56,97,72,3.79,271.41,19.39,blackgram
116,75,19,4.39,87.92,20.32,banana
34,71,187,5.98,118.88,15.0,coffee
62,121,39,6.4,286.05,28.23,cotton
24,98,187,5.08,181.98,19.32,mothbeans
89,103,18,5.64,122.42,11.04,banana
74,117,181,4.48,285.89,32.66,orange
37,107,106,6.43,112.14,33.48,pomegranate
129,95,104,8.26,46.56,20.96,orange
134,94,11,7.47,299.12,10.76,jute
90,21,34,4.15,95.0,23.35,maize
16,22,53,6.43,258.35,23.92,mothbeans
127,120,148,7.69,66.35,32.07,pigeonpeas
107,97,115,6.68,224.78,19.35,kidneybeans
24,95,183,5.85,166.85,32.57,maize
87,86,76,7.23,294.65,39.37,mango
28,72,84,9.31,174.79,16.55,chickpea
62,118,87,4.07,27.0,43.24,mothbeans
113,5,46,5.84,189.09,21.91,watermelon
48,62,21,5.94,60.69,17.62,blackgram
80,113,195,6.96,243.59,23.17,jute
83,120,177,4.41,259.84,11.4,jute
104,91,11,4.56,154.99,12.53,watermelon
117,14,159,5.21,239.3,22.92,chickpea
85,63,14,9.24,60.63,35.45,apple
62,45,38,7.9,157.78,40.41,muskmelon
103,109,40,7.47,130.3,31.93,mungbean
48,137,157,8.4,191.17,11.79,muskmelon
70,126,10,4.27,32.45,32.19,grapes
0,26,156,8.66,230.59,30.88,mothbeans
140,102,150,7.07,42.16,37.01,muskmelon
122,72,138,5.51,203.81,37.71,orange
61,143,33,8.4,25.17,39.26,kidneybeans
31,60,130,8.32,252.93,22.91,coffee
28,103,157,8.57,68.92,33.12,coffee
48,80,187,4.19,164.34,17.66,watermelon
29,30,85,9.32,93.22,43.98,muskmelon
18,119,178,9.26,222.34,14.31,mango
17,113,156,5.64,109.98,8.36,coconut
0,51,79,3.9,222.89,13.36,coffee
77,75,30,4.5,99.76,35.93,pomegranate
114,44,131,9.46,230.69,24.08,mothbeans
112,137,119,6.88,28.57,24.11,lentil
113,136,130,5.64,99.33,42.38,maize
62,27,32,5.23,159.62,41.11,kidneybeans
131,110,135,5.04,32.62,19.2,lentil
128,88,79,7.48,72.09,15.53,muskmelon
7,120,170,6.02,281.67,38.55,grapes
54,113,193,9.29,293.51,40.62,cotton
102,140,82,7.6,227.13,27.5,blackgram
130,45,183,8.25,90.62,30.66,coconut
31,116,94,5.26,92.94,17.25,coconut
9,116,180,3.98,200.82,36.83,apple
109,107,25,6.43,52.93,30.76,banana
123,50,58,5.39,285.53,26.13,pomegranate
86,72,188,4.71,82.95,10.16,blackgram
54,126,107,9.22,299.9,40.97,rice
31,19,63,6.16,158.81,30.16,pomegranate
134,133,76,4.55,236.0,14.94,papaya
92,115,183,4.69,20.61,29.83,chickpea
7,28,24,5.18,268.85,32.39,banana
64,31,116,9.5,95.6,26.93,papaya
56,44,63,5.11,207.02,33.85,chickpea
66,28,75,5.47,245.78,28.93,blackgram
71,28,141,7.46,65.96,42.12,watermelon
53,8,113,5.26,143.9,9.93,mothbeans
66,71,133,4.79,158.27,11.82,muskmelon
50,38,161,4.45,107.39,14.25,watermelon
96,120,195,5.38,154.89,32.85,mungbean
91,27,204,4.14,108.91,31.24,pomegranate
7,113,60,3.61,121.01,40.11,muskmelon
34,73,200,8.33,207.41,34.38,pomegranate
95,99,39,4.33,197.13,26.3,coffee
87,66,127,8.16,85.03,43.71,orange
77,61,135,8.29,271.3,17.58,coconut
31,58,108,6.73,261.58,37.99,orange
119,74,11,5.36,162.54,23.36,mango
45,105,31,4.37,141.31,31.35,muskmelon
54,61,5,7.92,125.52,34.18,mango
6,142,203,7.11,218.04,30.82,lentil
73,139,176,7.43,208.07,13.06,pigeonpeas
6,107,91,3.55,74.93,23.95,kidneybeans
84,89,45,9.07,208.01,28.21,mango
111,65,127,3.9,90.68,38.57,apple
124,7,79,5.7,25.2,23.97,lentil
35,132,46,5.92,215.78,41.07,chickpea
28,90,121,3.51,200.54,23.85,jute
81,51,165,6.48,135.03,27.76,chickpea
1,80,182,8.02,167.19,36.67,papaya
128,42,67,8.44,285.21,28.99,orange
46,145,169,8.78,186.66,42.57,pomegranate
10,91,191,6.43,204.21,31.77,maize
129,62,131,7.28,37.9,26.82,banana
118,54,180,3.98,66.48,8.85,chickpea
139,34,137,6.43,104.27,22.89,maize
19,105,52,4.43,171.03,18.77,lentil
4,29,7,5.72,237.45,34.93,coconut
36,116,120,5.48,109.95,15.5,maize
136,130,179,6.04,119.79,15.39,coconut
52,127,194,6.93,91.72,14.82,maize
98,51,103,8.92,91.29,12.52,muskmelon
85,122,120,5.87,285.68,19.2,jute
107,43,18,9.39,197.93,39.89,chickpea
23,20,195,8.05,63.65,35.9,pigeonpeas
80,26,116,6.57,222.23,34.47,banana
119,58,65,7.36,222.17,36.7,mungbean
58,20,163,4.11,206.61,17.7,mothbeans
127,63,99,8.57,57.72,39.95,watermelon
113,35,21,6.99,134.24,12.94,rice
114,36,128,9.42,49.89,20.11,orange
13,13,28,7.32,248.65,29.12,orange
8,143,120,8.5,203.45,11.7,watermelon
39,14,155,8.3,162.02,34.28,pomegranate
24,21,86,5.57,116.04,21.94,blackgram
102,72,54,5.06,71.59,36.24,blackgram
21,52,83,6.08,49.81,25.74,watermelon
3,115,83,6.3,291.39,14.51,mungbean
28,127,74,4.94,75.9,34.45,mothbeans
108,105,31,8.87,36.76,17.08,kidneybeans
97,106,19,6.76,289.27,25.67,rice
36,69,54,9.37,173.71,10.72,muskmelon
74,55,40,8.36,243.06,30.24,muskmelon
69,40,12,6.83,32.25,31.97,rice
127,85,83,9.18,178.74,21.63,cotton
84,131,135,6.53,131.5,42.36,chickpea
41,92,194,8.82,236.15,39.47,pigeonpeas
99,108,51,5.65,30.76,33.49,pigeonpeas
40,19,109,5.77,132.47,33.69,kidneybeans
33,100,102,6.01,243.74,17.09,orange
16,127,100,6.78,166.36,31.65,jute
121,5,193,6.82,174.01,15.14,cotton
75,126,164,6.48,47.21,13.18,watermelon
86,130,120,5.34,57.05,43.98,blackgram
116,61,17,9.06,209.56,30.41,maize
105,85,5,7.03,209.01,23.52,blackgram
85,77,38,5.95,294.15,18.37,rice
26,145,194,7.41,219.35,29.74,kidneybeans
56,74,83,8.11,158.11,9.79,coconut
30,10,82,9.26,260.05,11.41,pigeonpeas
133,88,125,6.5,49.25,9.18,pigeonpeas
97,56,97,4.17,145.8,25.97,jute
11,7,102,6.14,100.39,29.62,cotton
52,85,86,6.37,49.3,10.25,coconut
137,67,203,8.88,233.78,33.96,mango
121,53,163,5.87,163.02,16.29,cotton
45,80,196,9.22,175.9,32.67,rice
63,116,157,6.41,135.15,43.35,mungbean
129,113,42,9.34,148.89,32.88,orange
53,69,18,3.55,52.48,39.79,maize
106,85,140,8.89,208.42,42.14,banana
50,19,95,9.09,141.09,25.52,mungbean
35,104,58,9.27,248.69,33.28,orange
114,36,134,3.58,74.96,38.67,chickpea
25,100,105,4.53,77.42,20.84,coffee
28,132,93,7.42,200.81,17.41,mothbeans
10,117,60,3.65,256.88,42.08,coffee
39,87,98,3.88,152.22,34.15,banana
10,47,97,4.83,223.55,15.91,papaya
112,120,88,6.57,299.81,24.17,papaya
38,82,89,6.78,297.27,36.67,coffee
53,62,193,3.71,228.41,27.69,pomegranate
97,37,26,4.52,227.08,31.4,pigeonpeas
54,18,39,6.5,89.33,35.14,jute
110,136,20,7.06,253.39,30.39,coffee
68,63,54,4.39,133.43,27.44,muskmelon
55,87,126,5.89,289.36,34.99,jute
32,138,132,8.93,42.8,34.19,cotton
35,125,117,9.49,142.04,30.68,kidneybeans
80,87,175,9.42,175.64,20.95,jute
108,31,21,8.79,133.44,22.61,jute
72,84,84,5.87,78.96,42.94,rice
39,138,190,7.62,186.04,12.05,muskmelon
16,17,134,6.0,231.66,17.67,orange
128,68,136,7.39,200.55,25.73,coconut
60,84,89,5.36,85.65,38.12,watermelon
103,127,171,7.14,224.85,13.89,coconut
41,47,98,6.64,91.93,17.97,papaya
24,93,138,3.65,69.06,10.37,maize
38,99,85,8.24,213.39,33.42,mothbeans
34,6,73,3.57,255.98,16.58,grapes
130,124,73,5.26,154.83,21.99,orange
107,26,152,3.54,168.79,23.97,mothbeans
101,119,196,5.76,104.77,40.09,jute
97,61,20,3.88,158.49,22.81,coffee
11,76,55,8.98,56.96,13.23,pigeonpeas
18,11,109,5.99,287.63,26.88,mungbean
100,123,169,6.26,244.1,42.67,rice
43,118,205,5.6,207.03,29.88,grapes
48,20,201,7.27,170.69,43.4,coconut
16,87,174,8.21,241.81,38.28,coffee
73,76,189,7.39,158.53,9.29,rice
56,128,70,7.99,103.99,31.7,grapes
54,117,13,8.94,64.9,18.32,banana
46,16,111,8.68,201.32,28.15,mungbean
11,130,104,7.54,280.24,18.06,cotton
61,57,90,4.79,63.01,20.56,chickpea
79,79,68,7.33,70.41,41.23,rice
82,137,26,6.54,141.41,15.44,blackgram
7,31,166,7.8,245.93,39.47,orange
80,144,187,8.5,102.3,9.1,grapes
117,138,161,7.96,91.1,11.27,watermelon
24,101,170,8.58,193.59,38.77,pigeonpeas
88,9,114,3.88,169.97,30.7,coffee
11,61,101,3.69,36.86,34.9,mothbeans
58,82,22,5.05,42.82,15.54,coffee
108,73,75,8.9,200.04,27.34,mothbeans
25,122,197,8.44,150.23,34.54,jute
46,124,131,7.6,291.87,30.58,blackgram
31,63,101,7.7,209.99,24.98,grapes
9,37,5,7.86,22.82,42.55,papaya
15,66,136,9.16,154.69,32.34,kidneybeans
25,54,8,8.49,136.05,40.68,orange
85,116,129,7.24,49.88,34.27,pigeonpeas
134,23,86,7.49,278.5,34.48,chickpea
13,127,31,4.78,245.4,10.88,kidneybeans
78,51,175,7.44,84.42,20.94,pigeonpeas
116,37,63,6.05,91.67,38.9,watermelon
6,145,36,4.42,28.97,16.37,muskmelon
136,88,165,8.34,103.08,12.16,cotton
114,139,32,6.56,183.69,19.74,orange
71,83,110,9.36,137.84,15.94,mothbeans
58,18,109,5.19,291.39,41.31,pomegranate
81,132,187,6.38,35.7,39.25,coffee
115,58,192,6.19,185.6,25.99,apple
102,33,74,4.22,260.33,10.21,orange
16,28,66,6.06,154.61,33.72,watermelon
13,86,38,5.23,20.83,30.44,cotton
107,67,91,4.46,87.98,42.94,mango
44,109,118,5.19,110.66,28.12,lentil
97,61,110,4.9,290.48,20.11,muskmelon
130,140,60,7.9,275.3,26.68,mango
36,66,117,3.68,285.77,43.25,watermelon
107,21,17,7.2,251.21,33.07,coffee
38,70,188,8.06,118.46,32.19,papaya
14,10,22,6.38,273.65,16.66,cotton
119,62,186,9.09,294.87,34.77,mothbeans
3,73,117,7.75,118.02,35.01,kidneybeans
92,66,175,7.99,92.96,19.42,mango
140,86,43,4.68,173.14,25.41,grapes
15,75,193,8.16,72.4,18.61,coconut
107,135,174,8.49,29.13,17.31,coffee
125,14,83,5.67,284.83,8.93,grapes
54,102,150,4.78,279.21,18.27,mango
33,93,155,5.81,65.54,27.94,cotton
12,39,186,7.94,134.17,8.06,chickpea
140,6,34,6.01,252.69,18.2,chickpea
17,128,102,7.92,205.08,39.73,watermelon
95,28,62,4.18,130.54,29.37,papaya
122,78,200,8.34,228.37,29.88,coconut
38,26,71,5.02,271.17,22.52,pomegranate
45,43,75,4.99,279.32,32.35,orange
28,24,150,7.04,126.08,14.84,muskmelon
61,45,110,3.92,68.6,37.47,coconut
15,112,11,3.66,275.59,12.2,lentil
120,88,44,5.07,45.92,31.62,kidneybeans
9,115,74,6.73,222.07,20.28,muskmelon
102,70,197,8.95,59.34,34.91,coconut
83,57,72,8.58,129.03,27.79,apple
132,38,53,6.44,135.24,24.28,blackgram
64,71,56,3.72,64.45,14.1,orange
2,138,118,6.71,278.35,30.93,jute
119,31,111,7.73,20.75,43.09,rice
67,14,33,5.53,270.27,37.72,mungbean
36,77,153,4.17,267.47,10.16,jute
72,100,82,5.17,108.75,21.54,papaya
48,52,13,8.13,217.2,41.32,mango
120,74,179,5.61,90.79,26.11,apple
87,104,80,8.37,232.46,31.84,rice
139,63,46,5.42,177.11,40.85,muskmelon
36,6,183,4.48,104.06,39.46,mungbean
60,69,188,6.12,132.07,26.07,orange
123,87,183,6.21,213.17,23.76,chickpea
38,14,202,3.6,273.71,20.23,banana
62,57,132,4.2,56.6,33.88,mothbeans
45,83,24,4.61,179.98,18.33,mothbeans
87,63,159,4.18,91.04,17.0,muskmelon
10,52,170,5.55,244.38,20.82,mungbean
61,127,76,9.29,39.67,14.38,banana
76,26,69,6.56,212.91,33.02,orange
51,104,186,7.27,68.98,30.18,papaya
3,102,117,5.64,186.99,25.38,coffee
58,29,28,5.44,253.99,22.05,jute
71,32,132,3.64,231.42,40.73,coconut
92,117,179,6.5,230.82,9.05,blackgram
62,49,203,6.4,165.0,35.69,cotton
53,72,87,4.45,269.41,40.47,blackgram
116,11,67,8.09,184.67,24.07,jute
109,53,189,6.46,276.91,27.82,banana
73,141,187,5.53,173.03,42.0,jute
106,87,64,4.38,161.67,15.64,chickpea
56,133,103,6.81,82.26,26.72,watermelon
2,142,66,8.02,172.54,25.09,lentil
119,77,34,5.19,59.36,17.3,rice
5,50,26,4.81,263.51,37.47,rice
4,110,130,6.63,209.25,40.39,mango
4,36,161,4.43,298.22,36.15,banana
53,10,173,7.5,45.79,15.03,jute
46,78,46,7.13,87.39,11.12,rice
8,118,102,4.02,265.6,29.8,cotton
98,31,197,3.72,130.67,10.06,mango
19,58,35,7.22,150.56,32.22,orange
121,89,162,5.27,260.98,27.1,muskmelon
60,131,116,4.02,166.11,31.86,maize
122,115,150,8.06,74.17,29.25,papaya
81,19,126,5.38,269.77,23.22,apple
61,136,21,6.26,28.7,15.23,kidneybeans
2,97,42,4.92,270.71,19.01,blackgram
12,127,146,7.26,34.15,26.88,maize
119,77,114,5.31,206.44,31.47,watermelon
124,96,188,9.31,40.07,36.06,muskmelon
88,21,26,7.72,217.74,35.62,lentil
72,47,199,4.32,29.51,43.02,maize
67,125,60,6.0,255.89,18.29,orange
100,45,123,5.81,150.46,10.56,pomegranate
97,43,151,6.71,46.17,20.44,lentil
10,117,61,8.55,217.91,34.76,maize
104,115,176,7.0,157.0,23.77,coconut
66,51,39,3.87,73.47,37.44,orange
122,67,118,7.43,24.39,27.78,banana
28,114,129,3.55,137.04,41.47,orange
136,73,133,8.18,43.98,42.12,pomegranate
75,47,56,7.5,46.37,10.49,papaya
8,38,89,5.35,94.85,24.43,mothbeans
39,44,202,5.25,196.53,29.95,apple
24,65,169,8.29,168.37,17.21,papaya
4,66,69,8.2,39.32,22.65,cotton
138,62,183,5.61,291.16,32.4,papaya
123,79,133,5.29,268.41,16.16,rice
37,20,25,6.86,92.58,29.67,chickpea
71,86,185,3.55,54.25,33.11,muskmelon
132,98,20,4.0,283.87,11.26,cotton
89,52,127,4.26,149.12,25.91,pomegranate
36,142,65,4.61,107.13,17.47,jute
59,86,58,6.57,157.3,34.08,pigeonpeas
27,42,172,9.45,236.37,14.82,muskmelon
80,131,30,7.42,67.15,40.12,watermelon
113,23,84,3.87,234.9,23.51,muskmelon
39,67,69,6.65,229.85,15.13,pomegranate
44,81,104,6.48,171.02,23.77,lentil
61,135,78,4.37,262.44,22.71,mango
92,106,196,9.02,57.0,23.44,mungbean
114,69,175,6.14,186.73,29.08,pigeonpeas
66,124,21,9.47,145.82,26.76,pomegranate
55,95,125,6.02,138.24,13.39,blackgram
39,12,191,7.15,90.72,10.36,coffee
97,77,27,4.13,124.24,34.26,cotton
39,138,139,6.23,50.28,28.15,apple
90,111,176,4.93,90.45,20.92,mango
32,93,185,8.51,96.15,37.1,lentil
5,43,75,8.2,221.79,21.97,pomegranate
79,117,112,8.45,33.59,36.65,apple
91,32,83,7.84,202.33,19.01,pomegranate
96,101,166,8.5,81.99,10.62,lentil
58,41,50,4.7,42.92,41.58,chickpea
58,141,200,6.21,104.23,22.2,coconut
47,86,82,7.65,82.85,36.54,banana
12,60,20,7.32,174.57,18.05,mothbeans
106,89,75,7.8,120.07,31.27,mothbeans
44,6,100,4.85,290.48,39.44,muskmelon
88,62,151,4.09,289.79,9.5,muskmelon
99,111,6,9.0,144.24,37.9,grapes
6,127,14,6.86,242.62,28.57,coffee
132,118,182,4.42,23.72,29.87,pigeonpeas
44,111,129,8.26,173.39,26.83,watermelon
57,41,85,8.99,228.12,39.48,jute
30,83,144,4.52,80.74,9.56,maize
22,96,74,8.4,37.13,17.4,mango
137,22,154,9.1,63.66,39.53,cotton
106,102,36,9.13,143.72,35.08,watermelon
38,67,109,8.98,161.78,8.64,coconut
81,143,88,6.78,126.65,26.61,cotton
99,8,133,5.64,143.19,27.06,muskmelon
1,139,186,3.54,151.67,22.43,cotton
76,65,62,3.87,235.44,18.71,orange
11,111,202,6.07,49.47,32.54,watermelon
38,58,150,5.9,235.31,15.48,papaya
12,92,138,4.61,212.82,36.76,coffee
45,72,49,5.87,227.67,36.91,pigeonpeas
112,133,101,4.55,225.65,22.95,coffee
16,59,27,8.59,151.77,18.21,mango
103,7,27,5.29,79.19,18.22,pomegranate
97,125,158,7.09,170.26,25.36,blackgram
87,133,139,6.52,288.23,33.9,mothbeans
108,106,83,3.81,184.79,20.92,muskmelon
69,42,48,9.15,23.09,29.96,mango
73,89,31,6.66,36.72,21.77,mothbeans
62,137,30,5.45,298.0,18.96,mango
59,96,101,4.45,40.14,8.89,muskmelon
78,25,40,5.53,32.89,8.14,mango
36,113,113,3.62,118.85,16.18,lentil
21,51,59,5.68,291.41,22.63,coconut
95,88,196,6.69,109.23,38.65,jute
67,87,189,8.73,134.77,36.75,maize
16,39,73,7.62,197.54,17.62,grapes
11,73,65,4.17,26.75,16.8,grapes
137,133,134,4.39,271.37,16.18,blackgram
117,144,59,6.07,165.44,20.21,grapes
21,31,126,4.67,150.71,25.94,kidneybeans
119,60,101,3.67,261.0,23.79,mothbeans
49,27,84,8.33,286.86,15.86,mothbeans
13,25,91,3.62,138.56,12.7,jute
28,65,42,8.48,68.28,8.45,mango
124,67,123,4.36,248.4,13.54,mango
6,126,82,9.35,132.91,33.39,orange
28,56,161,7.12,281.95,16.77,mungbean
138,92,158,7.91,285.97,24.87,muskmelon
32,59,39,4.16,52.15,29.29,orange
133,50,83,8.67,287.84,39.93,pomegranate
110,36,71,8.54,123.12,40.0,cotton
78,59,91,7.42,200.95,34.85,mothbeans
57,100,161,6.51,29.73,9.27,lentil
25,137,38,7.83,268.89,28.7,muskmelon
28,40,101,3.54,199.65,36.32,apple
3,114,173,7.05,200.2,8.62,jute
98,110,173,8.58,272.61,27.79,blackgram
140,62,155,5.64,162.34,38.88,apple
38,43,75,4.15,134.94,25.07,pigeonpeas
14,84,7,6.03,262.52,8.15,papaya
118,101,62,7.86,227.88,8.4,cotton
28,117,36,4.14,285.71,23.0,watermelon
74,65,35,4.74,283.23,13.58,maize
115,141,86,4.39,127.05,31.92,chickpea
31,10,47,8.28,145.16,33.52,watermelon
129,113,139,3.88,91.68,14.4,mungbean
83,39,109,7.62,204.98,39.99,muskmelon
21,43,5,5.7,122.07,23.91,orange
26,122,65,8.03,240.11,13.14,rice
80,9,18,9.29,54.03,35.51,lentil
125,91,184,4.19,52.59,36.44,coffee
91,80,10,5.39,77.25,31.01,watermelon
20,61,107,8.36,43.6,38.72,apple
46,131,14,5.1,193.61,34.55,jute
100,33,75,4.79,61.26,39.76,grapes
83,91,94,8.45,64.79,23.62,mothbeans
5,145,162,9.42,23.98,34.91,coffee
130,50,153,6.84,238.99,43.99,rice
0,120,130,5.17,247.44,34.1,jute
57,116,192,5.89,65.37,12.11,kidneybeans
123,49,101,4.52,227.07,26.66,chickpea
14,108,78,8.07,141.39,29.14,orange
63,89,119,8.14,87.09,14.27,maize
24,138,195,8.75,193.99,42.66,coconut
23,112,174,3.66,69.98,14.32,cotton
11,22,55,6.87,231.93,14.39,coffee
17,98,196,4.79,33.33,40.95,blackgram
14,37,60,5.55,288.56,24.75,muskmelon
26,130,45,8.21,40.13,10.27,mothbeans
71,126,36,4.65,182.25,29.53,cotton
59,142,19,7.33,272.61,29.67,maize
92,119,66,7.43,23.33,10.32,muskmelon
52,32,159,9.22,159.58,43.01,cotton
7,15,32,8.15,118.0,27.59,mango
78,51,68,8.32,182.49,28.15,chickpea
26,131,191,6.69,83.13,26.72,pomegranate
49,122,190,4.62,38.17,29.99,watermelon
130,130,134,6.05,195.26,17.51,coffee
92,76,131,6.8,136.72,18.34,watermelon
23,111,40,7.57,194.3,26.41,chickpea
59,141,118,7.15,78.95,37.04,rice
121,37,203,5.86,114.85,9.8,cotton
130,23,17,5.09,177.27,29.72,rice
45,78,19,4.51,186.07,37.04,maize
14,102,93,7.66,124.25,13.65,coconut
16,145,192,7.37,98.41,8.54,pomegranate
125,133,26,7.62,96.64,19.26,kidneybeans
83,97,195,5.74,68.92,29.17,kidneybeans
8,52,78,5.07,111.11,12.98,grapes
62,68,29,8.06,75.84,23.34,lentil
116,65,105,8.14,197.47,27.88,mungbean
129,43,180,6.23,179.34,29.56,apple
87,132,175,7.17,127.12,17.88,papaya
71,92,121,5.74,111.23,22.4,chickpea
138,30,170,7.71,86.53,36.02,cotton
63,21,45,8.51,169.93,41.88,cotton
71,75,177,7.63,277.29,39.03,pomegranate
20,17,92,6.58,212.0,28.31,coffee
17,73,172,6.25,228.44,22.77,apple
63,30,114,7.35,253.63,19.99,chickpea
81,53,124,7.58,118.46,12.5,banana
109,11,101,6.85,37.61,11.84,pomegranate
94,62,149,7.25,194.32,32.78,apple
31,53,61,4.08,72.83,17.35,blackgram
10,107,134,9.21,179.33,17.17,lentil
44,57,100,8.24,227.06,43.94,muskmelon
32,66,125,5.74,239.42,14.77,jute
101,21,66,6.88,104.51,13.33,chickpea
135,29,141,3.78,163.48,11.55,kidneybeans
10,135,72,3.75,193.87,28.87,grapes
87,33,85,5.0,249.45,30.6,mango
40,121,21,7.64,233.19,21.15,jute
75,30,121,8.61,296.63,27.27,lentil
120,128,54,6.86,22.26,36.38,watermelon
45,29,116,6.69,142.5,37.45,coconut
79,58,98,5.91,91.69,42.48,mungbean
53,77,172,4.47,53.57,37.67,apple
85,124,190,4.21,275.22,28.33,coffee
91,60,89,8.06,299.43,14.47,cotton
96,69,153,9.07,70.57,11.59,pigeonpeas
1,97,150,6.25,30.76,9.96,pomegranate
32,90,187,7.46,97.02,31.99,papaya
76,84,161,8.99,253.76,37.07,banana
115,112,156,4.04,102.29,26.31,mungbean
102,122,78,8.12,35.93,9.97,watermelon
102,87,113,7.2,34.7,27.28,cotton
89,19,149,7.09,139.68,41.69,papaya
121,135,22,5.26,280.91,29.51,banana
105,143,46,7.6,100.06,37.14,coffee
118,34,105,8.27,139.6,36.81,mango
48,61,49,4.18,48.54,41.56,papaya
103,132,86,6.7,158.2,35.73,maize
60,52,21,4.11,215.03,34.92,rice
122,140,77,8.74,95.92,16.43,pomegranate
133,26,18,6.55,103.08,10.16,jute
8,10,181,8.35,255.75,26.63,rice
5,108,161,5.71,22.9,12.48,mothbeans
72,40,136,4.25,198.21,42.64,mungbean
102,83,86,3.75,130.29,18.44,orange
40,120,152,5.19,103.55,38.71,lentil
113,61,124,4.97,204.13,21.95,mungbean
7,53,124,6.86,253.71,19.63,orange
71,86,51,3.63,176.35,41.67,chickpea
91,70,111,6.62,28.71,21.08,apple
61,81,112,5.85,149.19,22.05,pigeonpeas
83,49,13,6.96,149.57,11.82,cotton
61,83,83,7.71,172.26,32.14,papaya
110,24,159,7.3,207.87,18.4,rice
126,127,19,9.41,25.41,29.08,kidneybeans
6,71,23,4.33,160.56,29.29,banana
83,87,94,6.08,184.73,33.89,cotton
131,7,184,6.05,116.14,34.83,lentil
133,68,30,6.0,207.14,26.52,blackgram
57,44,158,7.48,83.89,19.92,blackgram
21,63,158,6.44,108.86,38.15,pigeonpeas
126,66,178,6.6,289.57,19.16,mango
2,136,96,6.09,117.46,26.27,rice
126,64,181,9.45,117.02,22.45,muskmelon
40,120,86,9.07,186.79,38.78,papaya
105,79,185,5.35,291.87,23.55,mothbeans
13,126,135,4.17,295.26,21.9,pomegranate
11,111,198,8.54,182.3,32.83,watermelon
86,100,46,9.48,20.3,29.69,jute
11,95,23,5.26,272.18,11.86,blackgram
140,134,21,5.65,179.67,26.29,chickpea
24,66,165,9.15,122.48,34.48,coffee
44,53,80,7.77,252.17,43.71,coffee
121,141,181,5.27,131.95,30.65,coconut
54,96,188,6.99,29.53,21.33,mango
99,128,67,9.17,249.9,16.14,mango
135,65,135,8.37,172.84,39.42,muskmelon
118,52,111,7.95,114.68,37.32,mungbean
52,140,53,7.92,90.25,16.42,kidneybeans
31,62,59,4.57,186.26,15.22,jute
50,105,158,8.45,78.25,33.74,lentil
43,116,103,5.16,110.68,19.34,coffee
81,66,204,9.08,198.23,19.03,apple
36,43,56,5.69,266.83,13.48,grapes
95,62,104,8.65,169.21,17.5,kidneybeans
55,103,121,5.1,232.55,23.39,lentil
104,48,122,6.59,233.66,34.38,jute
58,33,11,4.14,206.02,20.11,papaya
130,63,50,7.46,88.83,19.83,muskmelon
34,75,50,8.52,262.7,18.26,muskmelon
92,96,104,7.81,142.16,25.22,mothbeans
96,13,148,6.64,32.38,14.5,banana
134,131,156,3.77,88.49,25.48,blackgram
75,138,193,9.1,234.35,33.35,jute
48,135,58,7.73,39.36,9.07,orange
93,25,66,7.98,61.26,8.35,orange
23,68,133,8.27,214.38,10.7,papaya
36,94,53,7.99,269.93,27.28,kidneybeans
3,40,29,6.15,197.44,38.76,muskmelon
107,66,14,7.9,82.24,8.18,maize
125,80,122,7.25,34.96,41.72,maize
19,17,148,8.62,192.24,11.83,pomegranate
49,15,190,8.31,33.27,38.31,chickpea
95,58,204,3.75,191.56,25.38,blackgram
104,20,161,5.77,83.16,31.74,cotton
116,12,96,3.71,273.3,26.38,mungbean
97,108,138,4.11,153.03,25.17,mango
65,63,148,7.11,82.7,38.06,coconut
78,61,152,8.74,258.88,35.21,muskmelon
5,44,84,4.22,91.13,25.4,watermelon
38,134,75,6.21,105.85,12.02,apple
114,98,82,8.97,253.6,12.15,watermelon
124,142,47,8.39,106.46,36.86,chickpea
11,48,158,6.62,134.85,27.06,papaya
130,143,94,8.13,117.35,25.34,coffee
17,84,82,6.64,52.59,32.5,mothbeans
39,85,203,4.45,30.89,38.92,orange
20,6,165,4.25,222.87,30.64,watermelon
98,144,30,4.63,200.64,35.46,watermelon
25,119,125,5.61,99.06,35.55,cotton
7,94,49,9.08,102.77,20.83,grapes
99,27,67,8.3,284.6,17.87,chickpea
86,66,199,6.1,296.55,36.84,grapes
41,117,184,6.46,152.56,21.58,maize
13,132,72,5.09,244.69,40.52,lentil
77,66,158,7.73,226.27,10.51,grapes
1,42,6,8.32,103.25,10.1,blackgram
118,65,146,4.93,36.4,41.37,apple
36,133,112,3.75,59.92,31.34,chickpea
68,126,34,7.24,254.72,21.67,grapes
40,114,53,6.88,224.74,35.18,kidneybeans
61,17,144,5.91,206.01,32.2,papaya
59,104,48,7.36,56.58,27.12,maize
124,139,165,6.8,199.18,11.56,cotton
110,26,17,5.0,236.2,37.24,coffee
13,78,82,5.89,260.97,39.18,jute
83,136,130,6.07,23.7,14.2,muskmelon
129,27,102,8.78,211.65,38.62,orange
69,123,30,9.27,25.35,39.6,pomegranate
122,74,153,8.86,217.92,27.78,rice
88,88,160,7.82,197.97,31.62,mothbeans
27,105,52,7.01,61.54,21.76,chickpea
65,88,172,7.64,234.51,18.14,coconut
4,32,70,9.13,39.14,33.99,mungbean
44,140,205,5.0,251.39,39.03,grapes
46,5,91,6.71,93.34,31.55,grapes
30,67,83,7.64,212.88,26.42,orange
138,26,27,7.58,278.63,13.72,rice
9,74,85,5.01,115.15,9.92,watermelon
117,129,52,7.02,160.81,24.04,chickpea
13,100,128,8.28,149.67,9.78,watermelon
79,83,134,6.35,64.13,28.5,rice
92,9,88,8.26,185.29,21.78,apple
9,64,24,5.66,228.04,35.26,pomegranate
75,124,191,9.13,276.72,19.0,grapes
93,50,50,6.7,258.22,29.35,kidneybeans
104,138,135,7.08,162.81,27.36,lentil
0,60,187,3.69,221.32,8.17,watermelon
132,114,16,4.52,244.22,10.61,kidneybeans
19,108,44,7.3,158.18,18.45,pomegranate
7,81,70,6.02,52.32,39.76,blackgram
0,6,104,6.55,142.62,13.29,chickpea
56,12,82,3.88,255.89,33.59,mungbean
63,79,20,8.5,187.06,43.04,pomegranate
117,129,87,8.21,222.85,36.46,chickpea
27,42,166,4.61,71.88,16.75,maize
120,31,48,7.31,290.01,40.7,muskmelon
106,24,138,8.41,133.14,11.35,lentil
48,144,196,7.35,203.02,24.85,muskmelon
119,47,104,5.36,25.28,39.95,orange
43,35,26,7.44,55.65,31.09,mungbean
55,95,22,4.76,238.97,22.89,cotton
110,65,16,5.41,291.03,18.54,papaya
133,113,184,4.94,109.62,21.5,muskmelon
107,95,127,6.84,30.41,26.32,papaya
113,99,121,4.15,121.04,19.49,mango
77,17,55,9.1,24.89,42.88,jute
129,117,75,5.5,73.86,41.59,blackgram
36,39,52,4.81,230.69,39.34,maize
19,52,23,6.48,282.38,23.19,maize
25,39,10,5.16,44.49,32.89,pigeonpeas
28,90,88,6.71,176.21,40.5,rice
0,118,159,5.59,91.09,38.62,coffee
118,104,57,4.29,58.94,22.92,kidneybeans
34,103,111,5.1,81.31,12.05,mothbeans
58,7,105,6.13,181.77,10.72,grapes
68,89,52,3.68,38.24,28.77,coconut
11,129,139,8.12,141.58,31.13,banana
19,142,191,7.23,57.86,38.59,grapes
42,87,73,7.11,96.35,18.53,blackgram
125,29,15,6.78,73.41,14.03,mungbean
49,72,147,7.04,267.23,21.64,grapes
28,65,196,9.11,218.24,20.73,rice
38,33,135,3.55,263.17,12.77,mothbeans
37,131,126,3.79,127.37,32.2,mungbean
83,23,73,4.65,107.76,26.31,apple
127,78,27,4.5,126.56,33.96,muskmelon
125,65,185,4.59,25.19,20.7,cotton
44,24,41,7.53,222.92,19.73,maize
51,52,13,6.26,117.94,25.01,apple
79,91,19,9.45,107.73,39.59,orange
123,143,135,4.86,187.48,9.45,muskmelon
118,114,97,5.36,142.15,36.97,chickpea
7,32,202,9.41,294.64,21.28,kidneybeans
84,63,21,8.49,119.75,38.77,mango
128,137,158,6.32,191.89,36.88,pigeonpeas
7,55,153,6.83,107.26,20.56,orange
95,16,76,8.56,297.37,32.98,mothbeans
101,54,153,6.39,144.63,13.75,pomegranate
4,136,125,4.74,197.56,40.27,coffee
85,117,15,8.47,55.48,22.56,papaya
33,18,170,6.73,225.25,24.4,pomegranate
54,36,76,4.42,95.38,33.41,mothbeans
118,143,110,6.53,145.61,37.55,mothbeans
113,59,129,5.98,267.28,16.51,cotton
25,124,39,8.76,291.75,31.81,muskmelon
135,79,123,4.26,138.88,22.11,kidneybeans
46,25,18,8.75,253.74,21.27,apple
112,137,18,6.57,34.94,32.84,coffee
75,91,14,5.93,257.32,21.94,blackgram
71,63,144,4.47,196.26,20.46,mungbean
88,93,42,7.7,156.84,38.09,coconut
45,87,112,9.06,269.19,11.65,orange
32,69,123,5.75,256.69,32.33,jute
0,68,38,4.95,103.14,16.95,grapes
30,75,173,6.83,241.62,8.56,muskmelon
52,8,14,8.28,47.86,14.0,maize
47,108,126,3.52,250.37,29.84,pomegranate
68,97,149,7.29,209.13,33.53,grapes
104,116,149,7.08,44.6,8.76,papaya
89,123,199,5.41,211.26,9.31,banana
62,63,194,6.21,182.55,40.49,grapes
72,47,119,4.98,186.47,10.64,coconut
88,16,5,8.24,101.44,40.19,coffee
12,44,16,7.31,94.62,16.21,pigeonpeas
72,122,107,6.7,233.51,34.64,chickpea
76,24,8,5.86,91.91,19.15,coconut
67,135,174,5.25,144.95,38.92,grapes
97,94,145,8.44,214.54,33.22,pigeonpeas
124,98,102,6.21,42.29,22.47,mango
101,17,110,6.51,186.47,10.75,watermelon
131,70,89,6.62,185.03,34.38,mothbeans
101,41,125,6.19,211.58,30.21,coffee
18,70,136,5.04,123.58,8.1,lentil
81,40,86,4.22,145.71,8.34,orange
140,30,201,4.09,112.39,37.12,blackgram
22,79,23,8.04,246.29,17.34,grapes
82,112,134,4.84,56.57,30.9,pigeonpeas
108,47,16,3.83,289.63,24.35,coffee
74,12,85,8.29,197.75,39.08,coffee
128,33,78,4.42,268.33,41.01,orange
87,44,102,7.25,139.34,43.89,chickpea
53,132,10,5.53,113.04,13.53,mothbeans
88,88,140,4.26,272.2,39.07,watermelon
64,120,129,5.99,47.68,17.58,muskmelon
75,66,55,3.59,52.79,29.27,watermelon
59,11,15,8.55,103.82,26.21,banana
92,49,195,6.58,288.74,8.65,banana
48,92,189,4.33,197.26,41.58,lentil
34,77,131,4.92,175.17,10.82,mothbeans
101,41,144,6.19,217.5,32.78,muskmelon
10,123,77,4.63,136.89,36.26,mango
98,61,6,5.11,232.26,36.63,mothbeans
109,12,12,6.71,130.1,12.88,rice
73,99,143,8.5,251.38,24.11,apple
8,121,128,5.91,94.84,37.86,cotton
2,114,57,7.8,97.71,18.9,muskmelon
84,24,14,8.76,166.27,24.84,maize
25,128,116,4.8,140.61,17.82,orange
71,57,12,8.34,201.47,24.69,chickpea
47,123,40,8.04,122.0,39.96,chickpea
116,16,110,5.64,84.55,24.38,pigeonpeas
11,21,18,9.44,151.55,28.01,orange
132,68,186,5.08,177.07,22.54,orange
47,46,90,5.03,59.93,24.56,cotton
36,98,153,8.13,175.88,8.55,mothbeans
43,15,54,6.11,109.39,18.21,rice
14,102,171,5.48,129.89,23.72,mungbean
42,75,24,4.57,98.21,30.82,muskmelon
86,112,91,8.09,280.79,24.2,mungbean
69,62,139,8.22,211.33,20.16,coconut
45,38,141,6.9,93.49,21.97,cotton
107,24,133,9.24,200.61,16.72,coffee
122,54,158,5.41,257.6,41.28,banana
20,106,170,4.82,132.46,26.78,watermelon
106,142,42,7.56,252.39,8.48,grapes
79,56,193,8.05,63.24,8.7,cotton
46,19,48,4.85,250.38,43.03,lentil
116,88,90,3.96,171.28,15.97,lentil
123,135,48,8.36,82.43,37.0,apple
24,41,78,9.36,134.0,10.1,mango
35,130,123,7.37,296.64,41.16,pomegranate
50,44,194,5.17,239.4,39.48,mothbeans
14,76,126,9.48,181.02,28.56,papaya
67,44,138,8.86,52.25,8.32,maize
20,60,149,6.58,136.99,17.28,cotton
140,108,55,8.45,93.65,22.65,lentil
18,143,42,8.39,39.88,24.56,coconut
33,114,156,9.11,171.82,18.72,mothbeans
77,140,55,8.55,268.97,9.19,maize
124,97,14,7.36,209.17,29.24,muskmelon
116,98,124,7.16,89.91,26.87,orange
51,60,204,6.3,180.6,18.19,apple
26,64,153,7.26,284.11,9.37,jute
34,142,74,8.27,222.42,43.81,blackgram
135,43,89,9.31,213.05,25.35,pomegranate
105,32,61,6.3,291.08,35.22,pomegranate
1,53,130,6.94,243.68,24.28,papaya
76,129,43,6.17,58.25,9.55,pomegranate
131,17,37,7.51,117.34,19.15,lentil
89,40,191,7.28,290.24,19.52,coconut
88,105,22,3.61,157.12,38.18,rice
93,30,188,6.75,51.26,31.55,kidneybeans
6,90,61,4.03,148.41,17.92,chickpea
94,8,100,3.66,215.16,42.84,pomegranate
107,86,52,8.25,299.31,19.58,mango
73,131,46,5.05,110.69,43.94,papaya
38,92,31,5.54,163.94,43.86,cotton
140,131,78,3.88,266.31,14.88,mothbeans
70,124,114,4.58,119.47,19.26,jute
55,26,184,8.09,50.59,25.5,maize
41,134,174,6.46,285.7,31.91,pomegranate
35,35,36,8.78,156.76,27.01,maize
83,123,30,5.88,160.78,42.9,lentil
117,15,29,5.11,193.94,34.06,pomegranate
6,50,79,5.59,20.99,15.63,maize
53,100,27,7.78,280.72,11.78,blackgram
128,14,61,6.83,121.21,32.78,orange
119,132,184,8.93,131.14,13.7,orange
105,103,130,7.11,68.75,36.36,kidneybeans
46,116,91,6.46,125.88,19.2,papaya
122,64,35,8.21,245.1,19.77,mango
140,91,68,9.19,244.0,8.39,orange
118,69,203,5.64,282.02,33.24,lentil
117,61,37,5.0,132.9,12.08,coconut
20,110,6,7.2,218.44,35.82,watermelon
136,13,22,6.49,162.03,25.71,watermelon
25,26,179,9.44,245.13,36.23,orange
8,145,165,6.27,219.51,29.02,maize
14,93,88,3.95,123.01,10.97,blackgram
9,22,39,9.36,114.27,35.56,pigeonpeas
121,119,183,8.56,90.68,10.51,mungbean
120,110,118,4.57,181.42,25.23,coffee
124,19,150,8.93,289.88,14.2,apple
71,67,114,5.54,76.02,35.08,apple
48,17,92,5.76,46.67,40.82,orange
90,85,76,8.94,53.43,27.95,coffee
36,36,129,6.68,239.27,26.98,mungbean
67,141,34,4.33,118.03,35.5,cotton
49,44,176,5.71,82.82,8.18,blackgram
18,86,57,7.83,118.8,41.04,blackgram
99,81,142,4.55,200.69,15.11,banana
59,80,91,7.04,173.1,43.43,muskmelon
88,42,184,7.67,228.21,34.51,papaya
68,75,181,5.56,114.94,35.87,mothbeans
48,52,143,7.66,146.57,31.62,coffee
107,22,198,8.81,48.55,24.98,mango
118,43,190,6.33,40.46,28.58,muskmelon
36,93,168,5.8,149.43,9.67,mothbeans
10,66,165,5.01,104.45,30.46,papaya
137,145,179,7.13,191.58,30.54,cotton
77,113,17,8.78,32.04,40.08,lentil
76,85,44,5.45,54.09,26.2,blackgram
1,138,93,5.88,262.25,10.78,watermelon
63,81,72,5.94,178.57,19.02,coconut
34,94,46,6.86,219.38,31.6,coconut
6,18,151,4.87,255.75,16.61,blackgram
84,99,98,8.43,149.87,18.1,maize
66,58,23,5.27,233.1,37.54,kidneybeans
41,136,190,7.73,166.88,29.04,mothbeans
117,43,27,6.58,82.37,26.31,chickpea
124,76,58,7.02,114.54,19.46,chickpea
23,29,69,4.58,157.3,34.31,coconut
45,81,144,7.91,108.73,18.36,banana
18,124,28,4.63,113.95,34.53,pomegranate
67,57,38,4.18,114.47,10.52,mango
101,135,57,6.78,54.4,39.12,watermelon
41,100,140,7.76,43.7,25.98,papaya
31,76,22,3.8,33.02,23.79,lentil
108,66,61,3.92,51.07,30.0,muskmelon
35,10,116,8.32,116.24,30.47,chickpea
96,36,9,8.35,186.28,12.75,banana
130,103,158,4.97,72.68,35.22,pomegranate
72,142,162,7.19,268.64,17.93,papaya
135,135,186,6.16,246.35,40.58,kidneybeans
96,80,17,7.3,165.75,37.44,grapes
122,63,87,8.68,222.78,20.47,mothbeans
69,35,33,3.98,122.57,37.08,jute
12,97,7,8.17,30.3,20.83,grapes
48,73,94,6.46,273.21,11.63,cotton
59,56,108,6.88,55.78,42.63,pigeonpeas
129,93,127,7.42,285.42,31.49,cotton
4,131,190,9.04,180.13,24.42,watermelon
26,35,80,3.84,105.56,22.32,grapes
7,88,134,3.68,158.75,19.69,watermelon
49,131,112,4.57,160.46,43.33,blackgram
66,136,160,9.42,26.52,12.85,apple
43,17,86,7.79,119.53,19.33,grapes
124,49,81,7.19,227.16,25.48,muskmelon
57,131,6,3.78,162.82,25.21,coconut
2,118,131,8.77,88.38,24.97,rice
85,24,139,8.38,113.83,14.33,coffee
69,85,30,7.49,261.66,13.22,maize
129,133,92,5.53,167.15,17.17,papaya
1,21,20,3.92,167.94,40.92,coconut
101,62,155,6.98,289.21,12.07,blackgram
34,76,172,7.82,109.85,35.27,chickpea
97,113,192,4.07,154.27,35.27,watermelon
29,27,77,7.3,247.28,37.15,lentil
115,76,36,5.22,232.5,39.92,blackgram
7,12,19,8.09,94.42,17.47,orange
43,63,145,6.74,62.31,16.08,apple
35,115,9,4.27,216.2,24.76,pomegranate
76,17,78,6.66,92.14,17.54,jute
30,20,56,5.87,278.35,34.44,pomegranate
46,123,81,4.58,56.19,30.89,mothbeans
54,6,173,8.55,109.13,39.5,coffee
105,34,185,3.57,35.34,10.98,orange
120,107,114,5.37,216.93,40.94,apple
54,17,182,3.58,269.55,18.56,muskmelon
11,100,147,4.08,198.04,25.66,coffee
139,98,110,5.28,282.57,23.79,watermelon
135,86,131,3.83,55.98,35.37,kidneybeans
2,17,11,7.08,44.57,23.13,kidneybeans
29,98,44,4.02,254.76,41.97,maize
22,116,160,7.71,259.54,40.49,banana
91,59,164,3.82,252.69,39.4,kidneybeans
114,85,103,3.86,243.71,10.57,jute
103,120,147,5.33,121.42,38.75,jute
117,112,89,8.88,80.89,36.14,apple
4,57,202,7.35,280.07,11.73,jute
103,132,69,8.12,105.96,11.87,kidneybeans
107,61,136,4.35,131.55,11.64,rice
64,56,15,8.5,215.88,8.41,coconut
120,141,112,3.55,102.14,27.75,maize
29,115,30,4.78,249.36,43.04,lentil
83,5,193,7.2,39.61,23.79,grapes
31,48,169,5.75,241.53,27.47,papaya
15,79,155,9.41,188.52,42.85,apple
37,102,89,3.68,180.44,17.19,apple
35,13,172,9.49,148.35,38.9,pomegranate
113,36,155,7.24,97.57,27.67,lentil
65,19,127,6.85,149.94,28.5,banana
104,144,148,3.86,146.01,20.35,kidneybeans
84,140,193,5.14,183.45,28.22,pomegranate
1,76,72,9.05,98.84,10.63,chickpea
74,16,108,5.63,41.73,35.53,mothbeans
66,69,84,7.47,60.63,18.25,chickpea
54,111,163,9.5,215.77,39.95,lentil
5,46,57,5.08,26.3,21.24,chickpea
85,119,110,6.96,259.8,13.14,papaya
59,143,157,7.68,214.43,33.05,blackgram
100,107,48,4.49,235.06,13.92,coffee
11,99,144,4.39,254.08,35.13,blackgram
48,21,94,6.24,54.36,42.85,muskmelon
41,89,105,5.81,250.29,36.06,grapes
81,60,101,7.79,161.3,8.81,mungbean
34,138,13,3.92,267.95,29.6,coconut
133,90,16,9.33,268.24,33.03,blackgram
66,106,73,3.59,26.77,37.72,pomegranate
79,58,186,7.11,127.2,10.02,orange
6,119,186,6.88,167.39,25.28,rice
13,143,32,4.31,209.94,27.27,grapes
72,92,60,4.41,100.13,14.09,grapes
65,53,103,8.26,90.6,19.61,apple
90,119,201,8.83,126.75,23.85,lentil
129,67,114,5.2,160.26,38.0,pomegranate
19,108,81,6.13,286.32,41.46,mothbeans
9,87,107,5.63,233.39,30.62,pigeonpeas
24,107,110,3.94,140.21,22.22,maize
24,21,113,7.54,35.22,17.15,banana
53,10,116,8.45,67.19,43.36,lentil
32,32,62,5.33,147.66,43.39,mothbeans
94,42,82,9.44,247.87,41.3,blackgram
13,123,79,3.96,126.59,36.28,lentil
64,41,46,7.47,170.78,19.73,lentil
109,119,170,6.19,269.71,37.41,blackgram
79,72,72,6.18,275.86,22.72,mango
53,47,185,6.25,80.42,19.76,blackgram
124,62,37,5.05,32.21,34.82,chickpea
130,17,75,7.79,105.51,10.87,grapes
133,56,60,7.83,214.82,9.75,coconut
24,62,109,5.19,286.31,24.13,maize
140,36,204,8.51,41.57,24.04,orange
116,109,105,5.4,27.98,40.24,apple
135,87,55,7.85,267.56,12.54,kidneybeans
24,103,78,4.23,229.48,12.44,papaya
78,108,175,4.51,297.83,13.31,watermelon
67,32,125,5.39,131.1,9.07,maize
11,133,147,7.06,136.49,10.58,grapes
31,52,170,7.37,68.25,31.76,jute
127,44,147,5.88,52.44,23.54,cotton
95,101,9,3.97,182.04,35.49,orange
91,118,87,5.74,122.0,43.73,muskmelon
140,136,186,7.63,42.49,31.73,cotton
30,141,55,7.53,268.36,9.82,pigeonpeas
77,115,14,4.46,75.54,11.76,mungbean
19,80,144,3.55,229.6,39.72,papaya
59,35,8,8.02,99.02,26.99,banana
133,123,99,4.14,247.61,37.69,papaya
92,29,150,3.99,53.15,38.84,pigeonpeas
42,38,84,3.52,231.7,41.4,grapes
129,71,40,6.1,47.47,42.19,papaya
59,122,29,6.52,145.14,27.97,maize
30,77,102,7.33,225.52,20.28,cotton
4,30,168,5.28,68.5,42.63,kidneybeans
9,108,105,7.76,99.99,27.71,grapes
88,14,199,4.52,262.13,10.31,apple
129,71,13,8.49,267.83,31.14,mothbeans
125,9,65,6.93,32.58,29.16,blackgram
10,31,57,7.0,67.07,40.25,apple
55,117,150,4.76,52.89,31.51,grapes
82,19,175,3.94,70.31,20.57,kidneybeans
136,109,167,6.29,291.65,42.78,maize
98,48,67,7.19,174.46,36.86,lentil
72,30,125,4.07,151.07,30.7,papaya
114,99,109,9.2,295.65,18.55,orange
6,88,8,9.38,175.95,21.45,blackgram
79,144,97,6.77,205.11,32.12,muskmelon
96,136,173,9.2,113.18,10.59,lentil
3,91,177,4.58,126.99,17.24,orange
3,116,182,3.65,186.43,33.7,maize
102,133,32,3.74,39.54,25.28,mothbeans
39,93,174,7.03,91.65,22.49,pigeonpeas
16,70,84,3.87,75.11,13.45,orange
100,135,80,9.25,24.45,23.91,maize
102,126,120,4.35,170.33,35.74,papaya
123,88,73,5.33,177.09,17.5,pomegranate
51,120,102,8.44,127.5,8.19,pomegranate
51,120,5,4.81,95.24,32.07,mothbeans
123,42,171,4.96,202.58,43.01,mango
62,114,100,7.35,57.7,29.85,orange
115,50,21,5.16,165.21,12.32,grapes
61,29,116,4.8,235.06,19.55,cotton
6,25,95,5.03,66.0,39.24,apple
91,125,92,6.44,230.91,16.37,pomegranate
13,126,167,9.3,233.02,29.88,jute
85,137,178,8.49,36.78,22.5,maize
132,74,174,5.21,25.26,15.48,maize
129,117,171,5.68,292.7,37.28,mungbean
61,111,94,6.29,74.15,34.74,mothbeans
78,116,53,9.37,250.2,31.82,rice
137,112,194,4.53,177.32,16.51,mango
57,51,42,5.64,94.05,11.52,grapes
119,95,155,7.88,56.39,28.74,mango
132,22,154,9.28,159.07,27.93,coconut
64,108,136,4.43,134.06,14.78,lentil
12,44,181,4.86,215.69,10.02,pomegranate
81,142,63,4.85,273.17,10.91,orange
138,93,205,3.63,245.47,43.74,papaya
51,65,72,7.12,96.85,36.21,blackgram
116,9,203,7.52,266.1,41.19,mungbean
25,126,134,7.12,253.35,15.02,lentil
33,59,53,3.93,280.16,42.58,pomegranate
51,41,130,3.92,148.43,13.14,mango
111,60,163,4.76,235.2,26.33,muskmelon
81,106,115,5.24,185.66,37.87,muskmelon
41,97,172,8.22,106.94,20.59,kidneybeans
20,77,52,4.46,298.44,23.29,kidneybeans
41,63,55,3.76,30.73,12.61,rice
140,6,47,5.86,65.44,12.43,mango
112,108,102,6.0,269.91,30.3,maize
104,55,187,6.21,36.96,32.32,muskmelon
16,34,181,8.46,268.31,35.98,orange
119,15,128,4.09,220.26,28.04,mungbean
136,112,84,7.72,30.27,31.25,mothbeans
128,80,189,5.53,140.21,8.49,mango
129,94,115,5.36,231.25,13.84,coconut
59,127,147,9.1,183.27,43.46,rice
47,129,31,4.99,282.04,10.74,jute
28,126,200,7.36,262.94,32.44,watermelon
96,98,196,5.15,113.14,14.34,kidneybeans
9,107,162,6.54,43.7,33.8,pigeonpeas
57,35,168,8.22,284.39,33.42,rice
20,56,199,8.79,164.84,16.43,rice
27,93,117,8.53,40.83,17.71,jute
33,80,90,6.99,248.64,31.57,mothbeans
7,133,118,4.99,263.18,22.04,pigeonpeas
78,26,128,7.47,199.04,15.0,maize
86,44,53,7.76,145.3,34.34,jute
87,105,80,3.56,205.41,13.55,pigeonpeas
68,115,59,6.14,217.87,38.8,lentil
86,133,60,8.56,270.05,26.53,coconut
100,69,200,6.44,287.64,11.81,jute
7,83,99,5.37,164.01,32.99,muskmelon
76,26,48,8.73,243.58,26.69,grapes
86,103,163,4.44,290.06,18.73,mango
42,12,190,4.74,62.35,23.21,pigeonpeas
128,21,91,7.62,25.12,18.74,maize
108,21,185,5.61,263.31,17.47,kidneybeans
16,94,88,7.78,74.68,13.89,papaya
132,145,155,4.45,31.89,21.06,jute
20,85,160,5.01,64.83,17.04,pomegranate
57,82,20,4.44,127.55,32.6,grapes
109,10,169,9.22,81.39,32.62,mango
138,114,153,5.93,105.47,26.07,maize
134,18,149,5.52,293.08,36.01,muskmelon
27,76,41,3.59,217.23,38.29,watermelon
50,58,81,4.42,219.41,28.87,pomegranate
4,31,151,6.03,46.51,30.28,coffee
4,17,162,3.91,224.99,18.18,blackgram
93,64,49,6.56,227.02,40.22,muskmelon
95,10,150,6.23,204.73,8.87,grapes
7,62,66,8.1,83.96,20.55,blackgram
63,53,168,7.46,138.45,33.98,jute
137,30,104,6.18,256.96,10.88,jute
37,51,56,4.85,207.66,14.59,coffee
110,9,23,7.86,225.18,29.21,watermelon
111,24,113,7.75,184.46,28.16,rice
80,138,48,4.42,145.88,34.6,grapes
135,63,11,8.99,232.53,37.25,blackgram
103,136,176,3.89,39.02,12.63,papaya
72,21,121,3.83,208.49,8.66,coffee
48,18,72,4.62,299.22,32.83,lentil
35,17,38,8.96,238.45,18.85,grapes
125,139,198,6.62,101.36,30.54,chickpea
67,132,73,8.23,97.79,13.42,papaya
77,48,59,4.87,206.82,24.89,pomegranate
104,123,14,6.44,270.84,26.16,pigeonpeas
121,23,46,5.65,181.83,29.06,mothbeans
118,67,45,8.47,167.67,26.47,blackgram
113,85,201,3.64,64.91,25.84,mungbean
9,104,126,4.96,220.33,19.98,jute
139,126,142,4.42,216.64,10.56,papaya
90,48,14,8.66,290.75,11.22,watermelon
1,108,106,6.31,104.05,23.62,muskmelon
117,65,192,5.93,231.8,20.81,pomegranate
12,129,132,6.2,141.54,26.58,jute
94,75,183,9.33,176.37,18.97,mango
31,111,153,8.6,248.61,32.76,mungbean
31,54,140,7.74,82.16,39.1,mungbean
123,69,197,5.24,116.0,18.76,banana
10,103,96,4.49,236.53,14.95,grapes
9,36,117,9.03,179.73,12.18,muskmelon
14,145,82,6.04,45.88,30.19,papaya
16,62,89,5.17,140.45,23.98,mungbean
58,132,34,6.33,184.26,14.77,mothbeans
77,116,53,9.01,274.66,31.51,banana
123,72,13,5.82,72.78,13.35,blackgram
113,44,149,6.88,245.67,27.95,cotton
21,136,73,8.32,56.57,26.98,rice
31,94,62,6.06,87.83,34.43,blackgram
112,32,189,4.9,88.14,9.98,blackgram
119,100,66,9.47,265.69,39.96,coconut
121,35,56,9.24,75.72,33.31,chickpea
31,7,193,8.56,240.35,15.78,pigeonpeas
118,140,44,7.63,149.31,14.6,chickpea
38,28,170,5.27,299.75,23.54,muskmelon
11,19,175,8.98,254.95,37.43,watermelon
17,49,67,5.15,227.12,38.35,jute
140,12,151,8.3,263.8,26.74,muskmelon
125,75,54,9.01,197.53,38.99,orange
135,112,165,7.12,256.22,8.2,papaya
45,119,145,8.32,93.12,9.27,maize
103,107,82,8.25,47.36,40.83,mango
134,129,101,4.66,192.46,35.91,apple
85,61,194,7.51,141.71,24.23,kidneybeans
88,34,47,4.06,139.4,35.13,maize
21,118,181,6.55,167.49,42.4,watermelon
91,121,40,4.47,121.19,35.8,banana
28,64,126,6.0,195.3,38.33,grapes
12,102,112,8.5,28.56,35.38,mungbean
1,130,14,9.42,291.57,14.06,pomegranate
28,98,99,5.41,278.92,38.01,rice
26,138,10,6.69,281.88,15.02,jute
49,126,61,6.57,122.2,40.13,kidneybeans
94,112,133,9.23,168.93,24.51,papaya
87,8,75,6.37,287.16,32.37,mothbeans
43,97,190,7.69,272.66,25.9,maize
21,10,25,9.03,241.27,11.38,chickpea
96,36,96,5.74,134.05,18.47,watermelon
2,110,131,8.91,178.01,43.41,blackgram
117,19,84,9.0,242.02,42.59,apple
18,126,60,9.08,96.44,19.54,coconut
22,100,120,5.12,195.41,43.87,papaya
29,10,152,5.9,251.82,38.44,mothbeans
38,116,186,8.72,218.09,29.99,watermelon
107,124,29,5.65,154.25,9.44,chickpea
110,127,160,7.1,183.69,40.45,apple
24,71,9,4.21,296.83,28.07,rice
127,110,124,3.84,188.56,39.27,mango
110,143,25,5.97,239.97,38.04,watermelon
135,47,22,6.97,223.45,37.99,coconut
105,100,179,5.86,216.42,33.13,coffee
71,136,202,6.97,220.58,18.49,coconut
128,85,61,6.59,147.23,20.1,lentil
107,45,97,7.61,152.76,19.1,mungbean
4,137,23,7.4,151.0,8.72,watermelon
2,39,132,6.05,29.31,28.97,pigeonpeas
131,26,101,6.05,87.5,33.16,papaya
103,116,197,4.34,63.28,38.74,lentil
63,15,135,6.58,268.2,13.05,jute
105,7,174,7.02,96.99,27.59,mungbean
97,141,25,6.36,58.76,8.29,lentil
9,64,44,5.45,53.53,11.42,kidneybeans
127,80,71,7.83,216.0,9.95,orange
45,91,157,3.95,21.7,34.12,mango
65,18,131,8.99,151.97,10.92,mothbeans
111,22,59,3.62,53.28,33.79,papaya
12,117,184,9.27,257.91,16.99,blackgram
136,77,176,6.27,288.37,39.6,jute
85,27,113,5.98,288.45,37.27,muskmelon
89,87,102,5.04,143.75,42.48,chickpea
57,129,188,3.56,200.46,39.82,maize
53,73,187,5.15,187.92,41.6,lentil
11,51,116,4.16,118.01,38.91,blackgram
13,120,202,7.46,144.34,32.96,kidneybeans
120,34,119,5.41,38.01,14.13,maize
120,29,121,8.1,242.8,17.78,watermelon
19,116,91,4.74,87.42,15.66,maize
74,29,205,8.9,148.95,29.73,maize
69,78,85,6.64,154.57,26.13,coffee
55,62,70,4.19,177.0,39.21,mungbean
100,98,23,5.91,249.01,42.3,mango
131,123,139,4.74,213.73,22.57,mothbeans
110,131,122,4.7,205.66,26.23,papaya
124,29,195,6.54,167.49,42.97,kidneybeans
131,82,46,7.53,46.87,17.94,coconut
19,103,46,8.97,132.56,36.53,grapes
137,120,63,6.51,288.05,16.11,cotton
23,52,24,9.3,298.75,32.53,jute
36,14,77,9.15,224.54,17.13,maize
53,103,21,8.69,83.7,39.81,blackgram
102,15,31,6.5,48.53,28.21,coconut
37,89,179,4.35,136.13,14.69,lentil
3,139,6,4.81,259.84,16.08,kidneybeans
56,130,67,7.39,222.12,25.78,apple
19,68,66,6.03,267.49,42.62,coconut
16,6,104,4.38,192.42,35.71,pomegranate
118,80,23,6.37,56.49,25.58,mothbeans
70,125,21,3.6,52.14,20.16,apple
3,46,73,7.9,33.44,27.77,pomegranate
13,58,171,3.94,178.78,34.94,grapes
2,79,121,7.27,88.01,36.22,lentil
79,20,203,8.26,225.63,19.69,mungbean
54,22,85,4.3,212.15,33.96,kidneybeans
131,94,43,6.61,109.07,31.68,coconut
119,10,40,8.17,69.5,42.53,kidneybeans
23,112,172,5.06,48.67,41.52,coconut
81,52,177,4.48,226.45,36.42,coconut
59,46,136,5.52,146.12,34.04,mango
48,80,157,6.83,110.59,17.87,grapes
62,81,201,6.95,259.86,38.45,kidneybeans
109,136,162,4.29,186.21,23.39,pomegranate
108,134,200,6.25,165.04,17.8,jute
75,63,33,5.11,228.15,21.83,mungbean
29,31,205,8.55,248.36,38.09,pigeonpeas
57,83,200,5.38,212.1,13.35,orange
116,76,55,8.53,143.2,24.42,papaya
99,11,156,6.07,126.2,25.72,banana
18,115,18,7.86,236.07,9.32,muskmelon
93,123,73,6.56,165.01,15.05,jute
112,67,150,7.23,217.23,37.76,coffee
62,128,174,5.87,269.31,37.91,mungbean
115,16,61,8.11,276.45,18.53,papaya
112,145,16,6.05,97.76,39.5,mothbeans
46,47,21,6.24,72.61,35.78,papaya
56,21,34,6.61,93.16,23.04,apple
117,67,92,8.49,230.38,34.94,maize
44,124,103,7.46,123.62,42.61,coconut
3,40,27,5.59,68.55,24.52,rice
46,12,133,7.52,47.55,16.58,banana
46,73,83,7.35,111.65,41.91,cotton
77,94,36,9.09,58.12,29.73,pigeonpeas
123,40,13,8.55,63.78,11.79,apple
74,32,19,7.38,211.49,28.62,rice
102,122,160,5.55,25.52,26.02,coconut
136,97,156,8.18,52.91,38.8,watermelon
89,80,192,6.95,256.42,27.11,chickpea
68,105,167,9.41,256.58,17.19,maize
60,18,31,4.99,112.19,32.32,pigeonpeas
137,75,113,3.98,44.63,27.53,orange
49,128,80,3.92,217.39,16.39,papaya
2,129,152,7.34,120.84,28.65,rice
106,41,69,9.14,32.73,37.58,muskmelon
112,33,181,3.51,64.19,9.03,coffee
93,23,113,7.85,58.42,30.71,lentil
117,110,133,7.44,184.95,20.59,pigeonpeas
80,25,14,7.89,271.47,18.54,grapes
108,68,51,5.63,242.06,22.13,coconut
50,31,127,8.42,173.02,20.31,pomegranate
34,59,63,3.77,138.2,37.96,cotton
45,33,100,8.03,193.23,17.89,jute
68,29,194,5.1,144.27,34.39,watermelon
92,74,107,6.36,88.91,11.39,coffee
63,67,128,8.44,210.18,42.25,jute
48,134,90,5.13,264.51,30.4,mango
73,20,150,4.61,124.4,33.44,banana
4,104,116,7.59,255.63,18.73,mungbean
99,34,178,6.7,140.7,22.84,orange
69,49,164,6.59,132.37,16.06,papaya
89,23,31,5.04,27.93,41.57,mungbean
3,38,22,3.71,214.68,25.57,cotton
125,145,171,5.96,246.1,30.7,mothbeans
38,66,181,4.14,205.8,34.43,banana
128,122,86,8.94,62.38,21.36,mango
23,104,176,3.75,48.92,33.92,apple
56,26,76,6.09,180.4,32.34,coconut
99,115,58,3.81,132.42,33.4,coconut
69,77,166,4.07,140.15,25.61,banana
40,42,75,7.45,290.98,21.79,apple
59,74,168,7.38,222.7,15.99,mango
107,120,150,3.7,135.3,37.69,blackgram
56,83,42,3.51,25.35,29.9,chickpea
30,13,191,3.97,29.55,24.0,maize
83,36,141,8.08,211.75,41.98,mothbeans
35,136,205,7.01,254.57,9.72,apple
107,54,204,3.73,218.16,38.61,cotton
105,86,183,6.43,133.65,43.91,muskmelon
85,9,39,7.77,28.72,39.93,watermelon
134,91,86,8.71,290.87,37.18,maize
13,130,137,9.1,296.17,21.48,cotton
119,79,146,5.46,173.82,16.33,papaya
137,26,162,4.31,39.79,34.45,watermelon
79,72,8,4.92,171.47,18.96,papaya
105,48,171,8.16,269.85,14.34,maize
69,38,196,9.33,210.4,36.31,rice
43,81,157,6.3,221.6,19.25,cotton
72,46,160,5.33,43.79,40.92,maize
44,141,198,6.08,49.82,38.26,lentil
106,110,154,5.33,55.66,38.52,lentil
83,99,163,5.04,273.23,35.78,apple
81,139,27,7.06,167.24,39.71,banana
106,72,52,3.59,241.64,37.01,mothbeans
20,132,152,5.06,52.28,29.69,mango
6,89,129,7.47,279.74,18.65,chickpea
69,87,170,3.69,249.92,39.98,mango
126,99,59,4.0,82.93,38.26,rice
119,36,72,5.26,264.77,25.02,lentil
127,70,92,8.77,93.76,9.41,cotton
